,cluster,nodes_lat,nodes_lon
0,5,70.0,18.5
1,5,70.0,19.0
2,5,70.0,19.5
3,5,70.0,20.0
4,5,70.0,20.5
5,5,70.0,21.0
6,5,70.0,21.5
7,5,70.0,22.0
8,5,70.0,22.5
9,5,70.0,23.0
10,5,70.0,23.5
11,5,70.0,24.0
12,5,70.0,24.5
13,5,70.0,25.0
14,5,70.0,25.5
15,5,70.0,26.0
16,5,70.0,26.5
17,5,70.0,27.0
18,5,70.0,27.5
19,5,70.0,28.0
20,5,70.0,28.5
21,5,70.0,29.0
22,5,70.0,29.5
23,5,70.0,30.0
24,5,70.0,30.5
25,5,70.0,32.0
26,5,70.0,32.5
27,5,69.5,17.5
28,5,69.5,18.0
29,5,69.5,18.5
30,5,69.5,19.0
31,5,69.5,19.5
32,5,69.5,20.0
33,5,69.5,20.5
34,5,69.5,21.0
35,5,69.5,21.5
36,5,69.5,22.0
37,5,69.5,22.5
38,5,69.5,23.0
39,5,69.5,23.5
40,5,69.5,24.0
41,5,69.5,24.5
42,5,69.5,25.0
43,5,69.5,25.5
44,5,69.5,26.0
45,5,69.5,26.5
46,5,69.5,27.0
47,5,69.5,27.5
48,5,69.5,28.0
49,5,69.5,28.5
50,5,69.5,29.0
51,5,69.5,29.5
52,5,69.5,30.0
53,5,69.5,30.5
54,5,69.5,31.0
55,5,69.5,31.5
56,5,69.5,32.0
57,5,69.5,32.5
58,5,69.5,33.0
59,5,69.5,33.5
60,5,69.5,34.0
61,5,69.5,34.5
62,5,69.5,35.0
63,5,69.0,15.5
64,5,69.0,16.0
65,5,69.0,17.5
66,5,69.0,18.0
67,5,69.0,18.5
68,5,69.0,19.0
69,5,69.0,19.5
70,5,69.0,20.0
71,5,69.0,20.5
72,5,69.0,21.0
73,5,69.0,21.5
74,5,69.0,22.0
75,5,69.0,22.5
76,5,69.0,23.0
77,5,69.0,23.5
78,5,69.0,24.0
79,5,69.0,24.5
80,5,69.0,25.0
81,5,69.0,25.5
82,5,69.0,26.0
83,5,69.0,26.5
84,5,69.0,27.0
85,5,69.0,27.5
86,5,69.0,28.0
87,5,69.0,28.5
88,5,69.0,29.0
89,5,69.0,29.5
90,5,69.0,30.0
91,5,69.0,30.5
92,5,69.0,31.0
93,5,69.0,31.5
94,5,69.0,32.0
95,5,69.0,32.5
96,5,69.0,33.0
97,5,69.0,33.5
98,5,69.0,34.0
99,5,69.0,34.5
100,5,69.0,35.0
101,5,69.0,35.5
102,5,69.0,36.0
103,5,69.0,36.5
104,5,68.5,14.5
105,5,68.5,15.0
106,5,68.5,15.5
107,5,68.5,16.0
108,5,68.5,16.5
109,5,68.5,17.0
110,5,68.5,17.5
111,5,68.5,18.0
112,5,68.5,18.5
113,5,68.5,19.0
114,5,68.5,19.5
115,5,68.5,20.0
116,5,68.5,20.5
117,5,68.5,21.0
118,5,68.5,21.5
119,5,68.5,22.0
120,5,68.5,22.5
121,5,68.5,23.0
122,5,68.5,23.5
123,5,68.5,24.0
124,5,68.5,24.5
125,5,68.5,25.0
126,5,68.5,25.5
127,5,68.5,26.0
128,5,68.5,26.5
129,5,68.5,27.0
130,5,68.5,27.5
131,5,68.5,28.0
132,5,68.5,28.5
133,5,68.5,29.0
134,5,68.5,29.5
135,5,68.5,30.0
136,5,68.5,30.5
137,5,68.5,31.0
138,5,68.5,31.5
139,5,68.5,32.0
140,5,68.5,32.5
141,5,68.5,33.0
142,5,68.5,33.5
143,5,68.5,34.0
144,5,68.5,34.5
145,5,68.5,35.0
146,5,68.5,35.5
147,5,68.5,36.0
148,5,68.5,36.5
149,5,68.5,37.0
150,5,68.5,37.5
151,5,68.5,38.0
152,5,68.5,38.5
153,5,68.5,43.5
154,5,68.5,44.0
155,5,68.0,14.5
156,5,68.0,15.0
157,5,68.0,15.5
158,5,68.0,16.0
159,5,68.0,16.5
160,5,68.0,17.0
161,5,68.0,17.5
162,5,68.0,18.0
163,5,68.0,18.5
164,5,68.0,19.0
165,5,68.0,19.5
166,5,68.0,20.0
167,5,68.0,20.5
168,5,68.0,21.0
169,5,68.0,21.5
170,5,68.0,22.0
171,5,68.0,22.5
172,5,68.0,23.0
173,5,68.0,23.5
174,5,68.0,24.0
175,5,68.0,24.5
176,5,68.0,25.0
177,5,68.0,25.5
178,5,68.0,26.0
179,5,68.0,26.5
180,5,68.0,27.0
181,5,68.0,27.5
182,5,68.0,28.0
183,5,68.0,28.5
184,5,68.0,29.0
185,5,68.0,29.5
186,5,68.0,30.0
187,5,68.0,30.5
188,5,68.0,31.0
189,5,68.0,31.5
190,5,68.0,32.0
191,5,68.0,32.5
192,5,68.0,33.0
193,5,68.0,33.5
194,5,68.0,34.0
195,5,68.0,34.5
196,5,68.0,35.0
197,5,68.0,35.5
198,5,68.0,36.0
199,5,68.0,36.5
200,5,68.0,37.0
201,5,68.0,37.5
202,5,68.0,38.0
203,5,68.0,38.5
204,5,68.0,39.0
205,5,68.0,39.5
206,5,68.0,40.0
207,5,68.0,44.0
208,5,67.5,14.5
209,5,67.5,15.0
210,5,67.5,15.5
211,5,67.5,16.0
212,5,67.5,16.5
213,5,67.5,17.0
214,5,67.5,17.5
215,5,67.5,18.0
216,5,67.5,18.5
217,5,67.5,19.0
218,5,67.5,19.5
219,5,67.5,20.0
220,5,67.5,20.5
221,5,67.5,21.0
222,5,67.5,21.5
223,5,67.5,22.0
224,5,67.5,22.5
225,5,67.5,23.0
226,5,67.5,23.5
227,5,67.5,24.0
228,5,67.5,24.5
229,5,67.5,25.0
230,5,67.5,25.5
231,5,67.5,26.0
232,5,67.5,26.5
233,5,67.5,27.0
234,5,67.5,27.5
235,5,67.5,28.0
236,5,67.5,28.5
237,5,67.5,29.0
238,5,67.5,29.5
239,5,67.5,30.0
240,5,67.5,30.5
241,5,67.5,31.0
242,5,67.5,31.5
243,5,67.5,32.0
244,5,67.5,32.5
245,5,67.5,33.0
246,5,67.5,33.5
247,5,67.5,34.0
248,5,67.5,34.5
249,5,67.5,35.0
250,5,67.5,35.5
251,5,67.5,36.0
252,5,67.5,36.5
253,5,67.5,37.0
254,5,67.5,37.5
255,5,67.5,38.0
256,5,67.5,38.5
257,5,67.5,39.0
258,5,67.5,39.5
259,5,67.5,40.0
260,5,67.5,40.5
261,5,67.5,41.0
262,5,67.5,44.0
263,5,67.0,13.5
264,5,67.0,14.0
265,5,67.0,14.5
266,5,67.0,15.0
267,5,67.0,15.5
268,5,67.0,16.0
269,5,67.0,16.5
270,5,67.0,17.0
271,5,67.0,17.5
272,5,67.0,18.0
273,5,67.0,18.5
274,5,67.0,19.0
275,5,67.0,19.5
276,5,67.0,20.0
277,5,67.0,20.5
278,5,67.0,21.0
279,5,67.0,21.5
280,5,67.0,22.0
281,5,67.0,22.5
282,5,67.0,23.0
283,5,67.0,23.5
284,5,67.0,24.0
285,5,67.0,24.5
286,5,67.0,25.0
287,5,67.0,25.5
288,5,67.0,26.0
289,5,67.0,26.5
290,5,67.0,27.0
291,5,67.0,27.5
292,5,67.0,28.0
293,5,67.0,28.5
294,5,67.0,29.0
295,5,67.0,29.5
296,5,67.0,30.0
297,5,67.0,30.5
298,5,67.0,31.0
299,5,67.0,31.5
300,5,67.0,32.0
301,5,67.0,32.5
302,5,67.0,33.0
303,5,67.0,33.5
304,5,67.0,34.0
305,5,67.0,34.5
306,5,67.0,35.0
307,5,67.0,35.5
308,5,67.0,36.0
309,5,67.0,36.5
310,5,67.0,37.0
311,5,67.0,37.5
312,5,67.0,38.0
313,5,67.0,38.5
314,5,67.0,39.0
315,5,67.0,39.5
316,5,67.0,40.0
317,5,67.0,40.5
318,5,67.0,41.0
319,4,66.5,-16.0
320,4,66.5,-15.5
321,5,66.5,13.0
322,5,66.5,13.5
323,5,66.5,14.0
324,5,66.5,14.5
325,5,66.5,15.0
326,5,66.5,15.5
327,5,66.5,16.0
328,5,66.5,16.5
329,5,66.5,17.0
330,5,66.5,17.5
331,5,66.5,18.0
332,5,66.5,18.5
333,5,66.5,19.0
334,5,66.5,19.5
335,5,66.5,20.0
336,5,66.5,20.5
337,5,66.5,21.0
338,5,66.5,21.5
339,5,66.5,22.0
340,5,66.5,22.5
341,5,66.5,23.0
342,5,66.5,23.5
343,5,66.5,24.0
344,5,66.5,24.5
345,5,66.5,25.0
346,5,66.5,25.5
347,5,66.5,26.0
348,5,66.5,26.5
349,5,66.5,27.0
350,5,66.5,27.5
351,5,66.5,28.0
352,5,66.5,28.5
353,5,66.5,29.0
354,5,66.5,29.5
355,5,66.5,30.0
356,5,66.5,30.5
357,5,66.5,31.0
358,5,66.5,31.5
359,5,66.5,32.0
360,5,66.5,32.5
361,5,66.5,33.0
362,5,66.5,33.5
363,5,66.5,34.0
364,5,66.5,34.5
365,5,66.5,35.0
366,5,66.5,35.5
367,5,66.5,36.0
368,5,66.5,36.5
369,5,66.5,37.0
370,5,66.5,37.5
371,5,66.5,38.0
372,5,66.5,38.5
373,5,66.5,39.0
374,5,66.5,39.5
375,5,66.5,40.0
376,5,66.5,40.5
377,5,66.5,41.0
378,4,66.0,-16.0
379,4,66.0,-15.5
380,4,66.0,-15.0
381,5,66.0,12.5
382,5,66.0,13.0
383,5,66.0,13.5
384,5,66.0,14.0
385,5,66.0,14.5
386,5,66.0,15.0
387,5,66.0,15.5
388,5,66.0,16.0
389,5,66.0,16.5
390,5,66.0,17.0
391,5,66.0,17.5
392,5,66.0,18.0
393,5,66.0,18.5
394,5,66.0,19.0
395,5,66.0,19.5
396,5,66.0,20.0
397,5,66.0,20.5
398,5,66.0,21.0
399,5,66.0,21.5
400,5,66.0,22.0
401,5,66.0,22.5
402,5,66.0,23.0
403,5,66.0,23.5
404,5,66.0,24.0
405,5,66.0,24.5
406,5,66.0,25.0
407,5,66.0,25.5
408,5,66.0,26.0
409,5,66.0,26.5
410,5,66.0,27.0
411,5,66.0,27.5
412,5,66.0,28.0
413,5,66.0,28.5
414,5,66.0,29.0
415,5,66.0,29.5
416,5,66.0,30.0
417,5,66.0,30.5
418,5,66.0,31.0
419,5,66.0,31.5
420,5,66.0,32.0
421,5,66.0,32.5
422,5,66.0,33.0
423,5,66.0,33.5
424,5,66.0,34.0
425,5,66.0,34.5
426,5,66.0,35.0
427,5,66.0,37.5
428,5,66.0,38.0
429,5,66.0,38.5
430,5,66.0,39.0
431,5,66.0,39.5
432,3,66.0,40.5
433,3,66.0,41.0
434,3,66.0,41.5
435,3,66.0,42.0
436,3,66.0,42.5
437,3,66.0,43.0
438,3,66.0,43.5
439,3,66.0,44.0
440,4,65.5,-16.0
441,4,65.5,-15.5
442,4,65.5,-15.0
443,4,65.5,-14.5
444,4,65.5,-14.0
445,4,65.5,-13.5
446,5,65.5,12.0
447,5,65.5,12.5
448,5,65.5,13.0
449,5,65.5,13.5
450,5,65.5,14.0
451,5,65.5,14.5
452,5,65.5,15.0
453,5,65.5,15.5
454,5,65.5,16.0
455,5,65.5,16.5
456,5,65.5,17.0
457,5,65.5,17.5
458,5,65.5,18.0
459,5,65.5,18.5
460,5,65.5,19.0
461,5,65.5,19.5
462,5,65.5,20.0
463,5,65.5,20.5
464,5,65.5,21.0
465,5,65.5,21.5
466,5,65.5,22.0
467,5,65.5,25.0
468,5,65.5,25.5
469,5,65.5,26.0
470,5,65.5,26.5
471,5,65.5,27.0
472,5,65.5,27.5
473,5,65.5,28.0
474,5,65.5,28.5
475,5,65.5,29.0
476,5,65.5,29.5
477,5,65.5,30.0
478,5,65.5,30.5
479,5,65.5,31.0
480,5,65.5,31.5
481,5,65.5,32.0
482,5,65.5,32.5
483,5,65.5,33.0
484,5,65.5,33.5
485,5,65.5,34.0
486,5,65.5,34.5
487,3,65.5,39.5
488,3,65.5,40.0
489,3,65.5,40.5
490,3,65.5,41.0
491,3,65.5,41.5
492,3,65.5,42.0
493,3,65.5,42.5
494,3,65.5,43.0
495,3,65.5,43.5
496,3,65.5,44.0
497,4,65.0,-16.0
498,4,65.0,-15.5
499,4,65.0,-15.0
500,4,65.0,-14.5
501,4,65.0,-14.0
502,4,65.0,-13.5
503,5,65.0,11.5
504,5,65.0,12.0
505,5,65.0,12.5
506,5,65.0,13.0
507,5,65.0,13.5
508,5,65.0,14.0
509,5,65.0,14.5
510,5,65.0,15.0
511,5,65.0,15.5
512,5,65.0,16.0
513,5,65.0,16.5
514,5,65.0,17.0
515,5,65.0,17.5
516,5,65.0,18.0
517,5,65.0,18.5
518,5,65.0,19.0
519,5,65.0,19.5
520,5,65.0,20.0
521,5,65.0,20.5
522,5,65.0,21.0
523,5,65.0,21.5
524,5,65.0,24.5
525,5,65.0,25.0
526,5,65.0,25.5
527,5,65.0,26.0
528,5,65.0,26.5
529,5,65.0,27.0
530,5,65.0,27.5
531,5,65.0,28.0
532,5,65.0,28.5
533,5,65.0,29.0
534,5,65.0,29.5
535,5,65.0,30.0
536,5,65.0,30.5
537,5,65.0,31.0
538,5,65.0,31.5
539,5,65.0,32.0
540,5,65.0,32.5
541,5,65.0,33.0
542,5,65.0,33.5
543,5,65.0,34.0
544,5,65.0,34.5
545,3,65.0,36.5
546,3,65.0,37.0
547,3,65.0,37.5
548,3,65.0,38.0
549,3,65.0,40.5
550,3,65.0,41.0
551,3,65.0,41.5
552,3,65.0,42.0
553,3,65.0,42.5
554,3,65.0,43.0
555,3,65.0,43.5
556,3,65.0,44.0
557,4,64.5,-16.0
558,4,64.5,-15.5
559,4,64.5,-15.0
560,4,64.5,-14.5
561,5,64.5,11.0
562,5,64.5,11.5
563,5,64.5,12.0
564,5,64.5,12.5
565,5,64.5,13.0
566,5,64.5,13.5
567,5,64.5,14.0
568,5,64.5,14.5
569,5,64.5,15.0
570,5,64.5,15.5
571,5,64.5,16.0
572,5,64.5,16.5
573,5,64.5,17.0
574,5,64.5,17.5
575,5,64.5,18.0
576,5,64.5,18.5
577,5,64.5,19.0
578,5,64.5,19.5
579,5,64.5,20.0
580,5,64.5,20.5
581,5,64.5,21.0
582,5,64.5,21.5
583,5,64.5,24.0
584,5,64.5,24.5
585,5,64.5,25.0
586,5,64.5,25.5
587,5,64.5,26.0
588,5,64.5,26.5
589,5,64.5,27.0
590,5,64.5,27.5
591,5,64.5,28.0
592,5,64.5,28.5
593,5,64.5,29.0
594,5,64.5,29.5
595,5,64.5,30.0
596,5,64.5,30.5
597,5,64.5,31.0
598,5,64.5,31.5
599,5,64.5,32.0
600,5,64.5,32.5
601,5,64.5,33.0
602,3,64.5,33.5
603,3,64.5,34.0
604,3,64.5,34.5
605,3,64.5,37.0
606,3,64.5,37.5
607,3,64.5,38.0
608,3,64.5,38.5
609,3,64.5,39.0
610,3,64.5,39.5
611,3,64.5,40.0
612,3,64.5,40.5
613,3,64.5,41.0
614,3,64.5,41.5
615,3,64.5,42.0
616,3,64.5,42.5
617,3,64.5,43.0
618,3,64.5,43.5
619,3,64.5,44.0
620,4,64.0,-16.0
621,4,64.0,-15.5
622,5,64.0,10.0
623,5,64.0,10.5
624,5,64.0,11.0
625,5,64.0,11.5
626,5,64.0,12.0
627,5,64.0,12.5
628,5,64.0,13.0
629,5,64.0,13.5
630,5,64.0,14.0
631,5,64.0,14.5
632,5,64.0,15.0
633,5,64.0,15.5
634,5,64.0,16.0
635,5,64.0,16.5
636,5,64.0,17.0
637,5,64.0,17.5
638,5,64.0,18.0
639,5,64.0,18.5
640,5,64.0,19.0
641,5,64.0,19.5
642,5,64.0,20.0
643,5,64.0,20.5
644,5,64.0,21.0
645,5,64.0,23.0
646,5,64.0,23.5
647,5,64.0,24.0
648,5,64.0,24.5
649,5,64.0,25.0
650,5,64.0,25.5
651,5,64.0,26.0
652,5,64.0,26.5
653,5,64.0,27.0
654,5,64.0,27.5
655,5,64.0,28.0
656,5,64.0,28.5
657,5,64.0,29.0
658,5,64.0,29.5
659,5,64.0,30.0
660,5,64.0,30.5
661,5,64.0,31.0
662,5,64.0,31.5
663,5,64.0,32.0
664,3,64.0,32.5
665,3,64.0,33.0
666,3,64.0,33.5
667,3,64.0,34.0
668,3,64.0,34.5
669,3,64.0,35.0
670,3,64.0,35.5
671,3,64.0,36.0
672,3,64.0,36.5
673,3,64.0,37.0
674,3,64.0,38.0
675,3,64.0,38.5
676,3,64.0,39.0
677,3,64.0,39.5
678,3,64.0,40.0
679,3,64.0,40.5
680,3,64.0,41.0
681,3,64.0,41.5
682,3,64.0,42.0
683,3,64.0,42.5
684,3,64.0,43.0
685,3,64.0,43.5
686,3,64.0,44.0
687,5,63.5,8.5
688,5,63.5,9.0
689,5,63.5,9.5
690,5,63.5,10.0
691,5,63.5,10.5
692,5,63.5,11.0
693,5,63.5,11.5
694,5,63.5,12.0
695,5,63.5,12.5
696,5,63.5,13.0
697,5,63.5,13.5
698,5,63.5,14.0
699,5,63.5,14.5
700,5,63.5,15.0
701,5,63.5,15.5
702,5,63.5,16.0
703,5,63.5,16.5
704,5,63.5,17.0
705,5,63.5,17.5
706,5,63.5,18.0
707,5,63.5,18.5
708,5,63.5,19.0
709,5,63.5,19.5
710,5,63.5,20.0
711,5,63.5,22.0
712,5,63.5,22.5
713,5,63.5,23.0
714,5,63.5,23.5
715,5,63.5,24.0
716,5,63.5,24.5
717,5,63.5,25.0
718,5,63.5,25.5
719,5,63.5,26.0
720,5,63.5,26.5
721,5,63.5,27.0
722,5,63.5,27.5
723,5,63.5,28.0
724,5,63.5,28.5
725,5,63.5,29.0
726,5,63.5,29.5
727,5,63.5,30.0
728,5,63.5,30.5
729,3,63.5,31.0
730,3,63.5,31.5
731,3,63.5,32.0
732,3,63.5,32.5
733,3,63.5,33.0
734,3,63.5,33.5
735,3,63.5,34.0
736,3,63.5,34.5
737,3,63.5,35.0
738,3,63.5,35.5
739,3,63.5,36.0
740,3,63.5,36.5
741,3,63.5,37.0
742,3,63.5,37.5
743,3,63.5,38.0
744,3,63.5,38.5
745,3,63.5,39.0
746,3,63.5,39.5
747,3,63.5,40.0
748,3,63.5,40.5
749,3,63.5,41.0
750,3,63.5,41.5
751,3,63.5,42.0
752,3,63.5,42.5
753,3,63.5,43.0
754,3,63.5,43.5
755,3,63.5,44.0
756,5,63.0,7.5
757,5,63.0,8.0
758,5,63.0,8.5
759,5,63.0,9.0
760,5,63.0,9.5
761,5,63.0,10.0
762,5,63.0,10.5
763,5,63.0,11.0
764,5,63.0,11.5
765,5,63.0,12.0
766,5,63.0,12.5
767,5,63.0,13.0
768,5,63.0,13.5
769,5,63.0,14.0
770,5,63.0,14.5
771,5,63.0,15.0
772,5,63.0,15.5
773,5,63.0,16.0
774,5,63.0,16.5
775,5,63.0,17.0
776,5,63.0,17.5
777,5,63.0,18.0
778,5,63.0,18.5
779,5,63.0,21.0
780,5,63.0,21.5
781,5,63.0,22.0
782,5,63.0,22.5
783,5,63.0,23.0
784,5,63.0,23.5
785,5,63.0,24.0
786,5,63.0,24.5
787,5,63.0,25.0
788,5,63.0,25.5
789,5,63.0,26.0
790,5,63.0,26.5
791,5,63.0,27.0
792,5,63.0,27.5
793,5,63.0,28.0
794,5,63.0,28.5
795,5,63.0,29.0
796,5,63.0,29.5
797,3,63.0,30.0
798,3,63.0,30.5
799,3,63.0,31.0
800,3,63.0,31.5
801,3,63.0,32.0
802,3,63.0,32.5
803,3,63.0,33.0
804,3,63.0,33.5
805,3,63.0,34.0
806,3,63.0,34.5
807,3,63.0,35.0
808,3,63.0,35.5
809,3,63.0,36.0
810,3,63.0,36.5
811,3,63.0,37.0
812,3,63.0,37.5
813,3,63.0,38.0
814,3,63.0,38.5
815,3,63.0,39.0
816,3,63.0,39.5
817,3,63.0,40.0
818,3,63.0,40.5
819,3,63.0,41.0
820,3,63.0,41.5
821,3,63.0,42.0
822,3,63.0,42.5
823,3,63.0,43.0
824,3,63.0,43.5
825,3,63.0,44.0
826,2,62.5,6.0
827,5,62.5,6.5
828,5,62.5,7.0
829,5,62.5,7.5
830,5,62.5,8.0
831,5,62.5,8.5
832,5,62.5,9.0
833,5,62.5,9.5
834,5,62.5,10.0
835,5,62.5,10.5
836,5,62.5,11.0
837,5,62.5,11.5
838,5,62.5,12.0
839,5,62.5,12.5
840,5,62.5,13.0
841,5,62.5,13.5
842,5,62.5,14.0
843,5,62.5,14.5
844,5,62.5,15.0
845,5,62.5,15.5
846,5,62.5,16.0
847,5,62.5,16.5
848,5,62.5,17.0
849,5,62.5,17.5
850,5,62.5,21.0
851,5,62.5,21.5
852,5,62.5,22.0
853,5,62.5,22.5
854,5,62.5,23.0
855,5,62.5,23.5
856,5,62.5,24.0
857,5,62.5,24.5
858,5,62.5,25.0
859,5,62.5,25.5
860,5,62.5,26.0
861,5,62.5,26.5
862,5,62.5,27.0
863,5,62.5,27.5
864,5,62.5,28.0
865,5,62.5,28.5
866,3,62.5,29.0
867,3,62.5,29.5
868,3,62.5,30.0
869,3,62.5,30.5
870,3,62.5,31.0
871,3,62.5,31.5
872,3,62.5,32.0
873,3,62.5,32.5
874,3,62.5,33.0
875,3,62.5,33.5
876,3,62.5,34.0
877,3,62.5,34.5
878,3,62.5,35.0
879,3,62.5,35.5
880,3,62.5,36.0
881,3,62.5,36.5
882,3,62.5,37.0
883,3,62.5,37.5
884,3,62.5,38.0
885,3,62.5,38.5
886,3,62.5,39.0
887,3,62.5,39.5
888,3,62.5,40.0
889,3,62.5,40.5
890,3,62.5,41.0
891,3,62.5,41.5
892,3,62.5,42.0
893,3,62.5,42.5
894,3,62.5,43.0
895,3,62.5,43.5
896,3,62.5,44.0
897,2,62.0,5.5
898,5,62.0,6.0
899,5,62.0,6.5
900,5,62.0,7.0
901,5,62.0,7.5
902,5,62.0,8.0
903,5,62.0,8.5
904,5,62.0,9.0
905,5,62.0,9.5
906,5,62.0,10.0
907,5,62.0,10.5
908,5,62.0,11.0
909,5,62.0,11.5
910,5,62.0,12.0
911,5,62.0,12.5
912,5,62.0,13.0
913,5,62.0,13.5
914,5,62.0,14.0
915,5,62.0,14.5
916,5,62.0,15.0
917,5,62.0,15.5
918,5,62.0,16.0
919,5,62.0,16.5
920,5,62.0,17.0
921,5,62.0,17.5
922,5,62.0,21.0
923,5,62.0,21.5
924,5,62.0,22.0
925,5,62.0,22.5
926,5,62.0,23.0
927,5,62.0,23.5
928,5,62.0,24.0
929,5,62.0,24.5
930,5,62.0,25.0
931,5,62.0,25.5
932,5,62.0,26.0
933,5,62.0,26.5
934,5,62.0,27.0
935,5,62.0,27.5
936,5,62.0,28.0
937,3,62.0,28.5
938,3,62.0,29.0
939,3,62.0,29.5
940,3,62.0,30.0
941,3,62.0,30.5
942,3,62.0,31.0
943,3,62.0,31.5
944,3,62.0,32.0
945,3,62.0,32.5
946,3,62.0,33.0
947,3,62.0,33.5
948,3,62.0,34.0
949,3,62.0,34.5
950,3,62.0,35.0
951,3,62.0,35.5
952,3,62.0,36.0
953,3,62.0,36.5
954,3,62.0,37.0
955,3,62.0,37.5
956,3,62.0,38.0
957,3,62.0,38.5
958,3,62.0,39.0
959,3,62.0,39.5
960,3,62.0,40.0
961,3,62.0,40.5
962,3,62.0,41.0
963,3,62.0,41.5
964,3,62.0,42.0
965,3,62.0,42.5
966,3,62.0,43.0
967,3,62.0,43.5
968,3,62.0,44.0
969,2,61.5,5.5
970,5,61.5,6.0
971,5,61.5,6.5
972,5,61.5,7.0
973,5,61.5,7.5
974,5,61.5,8.0
975,5,61.5,8.5
976,5,61.5,9.0
977,5,61.5,9.5
978,5,61.5,10.0
979,5,61.5,10.5
980,5,61.5,11.0
981,5,61.5,11.5
982,5,61.5,12.0
983,5,61.5,12.5
984,5,61.5,13.0
985,5,61.5,13.5
986,5,61.5,14.0
987,5,61.5,14.5
988,5,61.5,15.0
989,5,61.5,15.5
990,5,61.5,16.0
991,5,61.5,16.5
992,5,61.5,17.0
993,5,61.5,21.5
994,5,61.5,22.0
995,5,61.5,22.5
996,5,61.5,23.0
997,5,61.5,23.5
998,5,61.5,24.0
999,5,61.5,24.5
1000,5,61.5,25.0
1001,5,61.5,25.5
1002,5,61.5,26.0
1003,5,61.5,26.5
1004,5,61.5,27.0
1005,5,61.5,27.5
1006,3,61.5,28.0
1007,3,61.5,28.5
1008,3,61.5,29.0
1009,3,61.5,29.5
1010,3,61.5,30.0
1011,3,61.5,30.5
1012,3,61.5,31.0
1013,3,61.5,31.5
1014,3,61.5,32.0
1015,3,61.5,32.5
1016,3,61.5,33.0
1017,3,61.5,33.5
1018,3,61.5,34.0
1019,3,61.5,34.5
1020,3,61.5,35.0
1021,3,61.5,36.5
1022,3,61.5,37.0
1023,3,61.5,37.5
1024,3,61.5,38.0
1025,3,61.5,38.5
1026,3,61.5,39.0
1027,3,61.5,39.5
1028,3,61.5,40.0
1029,3,61.5,40.5
1030,3,61.5,41.0
1031,3,61.5,41.5
1032,3,61.5,42.0
1033,3,61.5,42.5
1034,3,61.5,43.0
1035,3,61.5,43.5
1036,3,61.5,44.0
1037,2,61.0,5.5
1038,5,61.0,6.0
1039,5,61.0,6.5
1040,5,61.0,7.0
1041,5,61.0,7.5
1042,5,61.0,8.0
1043,5,61.0,8.5
1044,5,61.0,9.0
1045,5,61.0,9.5
1046,5,61.0,10.0
1047,5,61.0,10.5
1048,5,61.0,11.0
1049,5,61.0,11.5
1050,5,61.0,12.0
1051,5,61.0,12.5
1052,5,61.0,13.0
1053,5,61.0,13.5
1054,5,61.0,14.0
1055,5,61.0,14.5
1056,5,61.0,15.0
1057,5,61.0,15.5
1058,5,61.0,16.0
1059,5,61.0,16.5
1060,5,61.0,17.0
1061,5,61.0,17.5
1062,5,61.0,21.5
1063,5,61.0,22.0
1064,5,61.0,22.5
1065,5,61.0,23.0
1066,5,61.0,23.5
1067,5,61.0,24.0
1068,5,61.0,24.5
1069,5,61.0,25.0
1070,5,61.0,25.5
1071,5,61.0,26.0
1072,5,61.0,26.5
1073,3,61.0,27.0
1074,3,61.0,27.5
1075,3,61.0,28.0
1076,3,61.0,28.5
1077,3,61.0,29.0
1078,3,61.0,29.5
1079,3,61.0,30.0
1080,3,61.0,32.5
1081,3,61.0,33.0
1082,3,61.0,33.5
1083,3,61.0,34.0
1084,3,61.0,34.5
1085,3,61.0,35.0
1086,3,61.0,35.5
1087,3,61.0,36.0
1088,3,61.0,36.5
1089,3,61.0,37.0
1090,3,61.0,37.5
1091,3,61.0,38.0
1092,3,61.0,38.5
1093,3,61.0,39.0
1094,3,61.0,39.5
1095,3,61.0,40.0
1096,3,61.0,40.5
1097,3,61.0,41.0
1098,3,61.0,41.5
1099,3,61.0,42.0
1100,3,61.0,42.5
1101,3,61.0,43.0
1102,3,61.0,43.5
1103,3,61.0,44.0
1104,2,60.5,5.0
1105,2,60.5,5.5
1106,2,60.5,6.0
1107,5,60.5,6.5
1108,5,60.5,7.0
1109,5,60.5,7.5
1110,5,60.5,8.0
1111,5,60.5,8.5
1112,5,60.5,9.0
1113,5,60.5,9.5
1114,5,60.5,10.0
1115,5,60.5,10.5
1116,5,60.5,11.0
1117,5,60.5,11.5
1118,5,60.5,12.0
1119,5,60.5,12.5
1120,5,60.5,13.0
1121,5,60.5,13.5
1122,5,60.5,14.0
1123,5,60.5,14.5
1124,5,60.5,15.0
1125,5,60.5,15.5
1126,5,60.5,16.0
1127,5,60.5,16.5
1128,5,60.5,17.0
1129,5,60.5,17.5
1130,5,60.5,18.0
1131,5,60.5,19.5
1132,5,60.5,20.0
1133,5,60.5,21.5
1134,5,60.5,22.0
1135,5,60.5,22.5
1136,5,60.5,23.0
1137,5,60.5,23.5
1138,5,60.5,24.0
1139,5,60.5,24.5
1140,5,60.5,25.0
1141,5,60.5,25.5
1142,5,60.5,26.0
1143,5,60.5,26.5
1144,5,60.5,27.0
1145,3,60.5,27.5
1146,3,60.5,28.0
1147,3,60.5,28.5
1148,3,60.5,29.0
1149,3,60.5,29.5
1150,3,60.5,30.0
1151,3,60.5,30.5
1152,3,60.5,31.0
1153,3,60.5,33.0
1154,3,60.5,33.5
1155,3,60.5,34.0
1156,3,60.5,34.5
1157,3,60.5,35.0
1158,3,60.5,35.5
1159,3,60.5,36.0
1160,3,60.5,36.5
1161,3,60.5,37.0
1162,3,60.5,37.5
1163,3,60.5,38.0
1164,3,60.5,38.5
1165,3,60.5,39.0
1166,3,60.5,39.5
1167,3,60.5,40.0
1168,3,60.5,40.5
1169,3,60.5,41.0
1170,3,60.5,41.5
1171,3,60.5,42.0
1172,3,60.5,42.5
1173,3,60.5,43.0
1174,3,60.5,43.5
1175,3,60.5,44.0
1176,2,60.0,5.5
1177,2,60.0,6.0
1178,5,60.0,6.5
1179,5,60.0,7.0
1180,5,60.0,7.5
1181,5,60.0,8.0
1182,5,60.0,8.5
1183,5,60.0,9.0
1184,5,60.0,9.5
1185,5,60.0,10.0
1186,5,60.0,10.5
1187,5,60.0,11.0
1188,5,60.0,11.5
1189,5,60.0,12.0
1190,5,60.0,12.5
1191,5,60.0,13.0
1192,5,60.0,13.5
1193,5,60.0,14.0
1194,5,60.0,14.5
1195,5,60.0,15.0
1196,5,60.0,15.5
1197,5,60.0,16.0
1198,5,60.0,16.5
1199,5,60.0,17.0
1200,5,60.0,17.5
1201,5,60.0,18.0
1202,5,60.0,18.5
1203,5,60.0,19.0
1204,5,60.0,23.0
1205,5,60.0,23.5
1206,3,60.0,28.5
1207,3,60.0,29.0
1208,3,60.0,29.5
1209,3,60.0,30.0
1210,3,60.0,30.5
1211,3,60.0,31.0
1212,3,60.0,31.5
1213,3,60.0,32.0
1214,3,60.0,32.5
1215,3,60.0,33.0
1216,3,60.0,33.5
1217,3,60.0,34.0
1218,3,60.0,34.5
1219,3,60.0,35.0
1220,3,60.0,35.5
1221,3,60.0,36.0
1222,3,60.0,36.5
1223,3,60.0,37.0
1224,3,60.0,37.5
1225,3,60.0,38.0
1226,3,60.0,38.5
1227,3,60.0,39.0
1228,3,60.0,39.5
1229,3,60.0,40.0
1230,3,60.0,40.5
1231,3,60.0,41.0
1232,3,60.0,41.5
1233,3,60.0,42.0
1234,3,60.0,42.5
1235,3,60.0,43.0
1236,3,60.0,43.5
1237,3,60.0,44.0
1238,2,59.5,5.0
1239,2,59.5,5.5
1240,2,59.5,6.0
1241,2,59.5,6.5
1242,5,59.5,7.0
1243,5,59.5,7.5
1244,5,59.5,8.0
1245,5,59.5,8.5
1246,5,59.5,9.0
1247,5,59.5,9.5
1248,5,59.5,10.0
1249,5,59.5,10.5
1250,5,59.5,11.0
1251,5,59.5,11.5
1252,5,59.5,12.0
1253,5,59.5,12.5
1254,5,59.5,13.0
1255,5,59.5,13.5
1256,5,59.5,14.0
1257,5,59.5,14.5
1258,5,59.5,15.0
1259,5,59.5,15.5
1260,5,59.5,16.0
1261,5,59.5,16.5
1262,5,59.5,17.0
1263,5,59.5,17.5
1264,5,59.5,18.0
1265,2,59.5,18.5
1266,5,59.5,24.5
1267,3,59.5,25.0
1268,3,59.5,25.5
1269,3,59.5,26.0
1270,3,59.5,26.5
1271,3,59.5,27.0
1272,3,59.5,27.5
1273,3,59.5,28.0
1274,3,59.5,28.5
1275,3,59.5,29.0
1276,3,59.5,29.5
1277,3,59.5,30.0
1278,3,59.5,30.5
1279,3,59.5,31.0
1280,3,59.5,31.5
1281,3,59.5,32.0
1282,3,59.5,32.5
1283,3,59.5,33.0
1284,3,59.5,33.5
1285,3,59.5,34.0
1286,3,59.5,34.5
1287,3,59.5,35.0
1288,3,59.5,35.5
1289,3,59.5,36.0
1290,3,59.5,36.5
1291,3,59.5,37.0
1292,3,59.5,37.5
1293,3,59.5,38.0
1294,3,59.5,38.5
1295,3,59.5,39.0
1296,3,59.5,39.5
1297,3,59.5,40.0
1298,3,59.5,40.5
1299,3,59.5,41.0
1300,3,59.5,41.5
1301,3,59.5,42.0
1302,3,59.5,42.5
1303,3,59.5,43.0
1304,3,59.5,43.5
1305,3,59.5,44.0
1306,2,59.0,6.0
1307,2,59.0,6.5
1308,2,59.0,7.0
1309,2,59.0,7.5
1310,2,59.0,8.0
1311,2,59.0,8.5
1312,2,59.0,9.0
1313,2,59.0,9.5
1314,2,59.0,10.0
1315,2,59.0,11.0
1316,5,59.0,11.5
1317,5,59.0,12.0
1318,2,59.0,12.5
1319,2,59.0,13.0
1320,2,59.0,14.0
1321,5,59.0,14.5
1322,5,59.0,15.0
1323,5,59.0,15.5
1324,5,59.0,16.0
1325,5,59.0,16.5
1326,5,59.0,17.0
1327,5,59.0,17.5
1328,2,59.0,18.0
1329,5,59.0,22.5
1330,3,59.0,24.0
1331,3,59.0,24.5
1332,3,59.0,25.0
1333,3,59.0,25.5
1334,3,59.0,26.0
1335,3,59.0,26.5
1336,3,59.0,27.0
1337,3,59.0,27.5
1338,3,59.0,28.0
1339,3,59.0,28.5
1340,3,59.0,29.0
1341,3,59.0,29.5
1342,3,59.0,30.0
1343,3,59.0,30.5
1344,3,59.0,31.0
1345,3,59.0,31.5
1346,3,59.0,32.0
1347,3,59.0,32.5
1348,3,59.0,33.0
1349,3,59.0,33.5
1350,3,59.0,34.0
1351,3,59.0,34.5
1352,3,59.0,35.0
1353,3,59.0,35.5
1354,3,59.0,36.0
1355,3,59.0,36.5
1356,3,59.0,37.0
1357,3,59.0,37.5
1358,3,59.0,38.0
1359,3,59.0,38.5
1360,3,59.0,39.0
1361,3,59.0,39.5
1362,3,59.0,40.0
1363,3,59.0,40.5
1364,3,59.0,41.0
1365,3,59.0,41.5
1366,3,59.0,42.0
1367,3,59.0,42.5
1368,3,59.0,43.0
1369,3,59.0,43.5
1370,3,59.0,44.0
1371,2,58.5,-6.5
1372,2,58.5,-5.0
1373,2,58.5,-4.5
1374,2,58.5,-4.0
1375,2,58.5,-3.5
1376,2,58.5,6.0
1377,2,58.5,6.5
1378,2,58.5,7.0
1379,2,58.5,7.5
1380,2,58.5,8.0
1381,2,58.5,8.5
1382,2,58.5,9.0
1383,2,58.5,11.5
1384,2,58.5,12.0
1385,2,58.5,12.5
1386,2,58.5,13.0
1387,2,58.5,13.5
1388,2,58.5,14.0
1389,2,58.5,14.5
1390,2,58.5,15.0
1391,2,58.5,15.5
1392,2,58.5,16.0
1393,2,58.5,16.5
1394,2,58.5,22.0
1395,5,58.5,22.5
1396,5,58.5,23.0
1397,3,58.5,24.0
1398,3,58.5,24.5
1399,3,58.5,25.0
1400,3,58.5,25.5
1401,3,58.5,26.0
1402,3,58.5,26.5
1403,3,58.5,27.0
1404,3,58.5,27.5
1405,3,58.5,28.0
1406,3,58.5,28.5
1407,3,58.5,29.0
1408,3,58.5,29.5
1409,3,58.5,30.0
1410,3,58.5,30.5
1411,3,58.5,31.0
1412,3,58.5,31.5
1413,3,58.5,32.0
1414,3,58.5,32.5
1415,3,58.5,33.0
1416,3,58.5,33.5
1417,3,58.5,34.0
1418,3,58.5,34.5
1419,3,58.5,35.0
1420,3,58.5,35.5
1421,3,58.5,36.0
1422,3,58.5,36.5
1423,3,58.5,37.0
1424,3,58.5,37.5
1425,3,58.5,38.0
1426,3,58.5,39.0
1427,3,58.5,39.5
1428,3,58.5,40.0
1429,3,58.5,40.5
1430,3,58.5,41.0
1431,3,58.5,41.5
1432,3,58.5,42.0
1433,3,58.5,42.5
1434,3,58.5,43.0
1435,3,58.5,43.5
1436,3,58.5,44.0
1437,2,58.0,-7.0
1438,2,58.0,-6.5
1439,2,58.0,-5.5
1440,2,58.0,-5.0
1441,2,58.0,-4.5
1442,2,58.0,-4.0
1443,2,58.0,7.5
1444,2,58.0,12.0
1445,2,58.0,12.5
1446,2,58.0,13.0
1447,2,58.0,13.5
1448,2,58.0,14.0
1449,2,58.0,14.5
1450,2,58.0,15.0
1451,2,58.0,15.5
1452,2,58.0,16.0
1453,2,58.0,16.5
1454,2,58.0,18.5
1455,3,58.0,24.5
1456,3,58.0,25.0
1457,3,58.0,25.5
1458,3,58.0,26.0
1459,3,58.0,26.5
1460,3,58.0,27.0
1461,3,58.0,27.5
1462,3,58.0,28.0
1463,3,58.0,28.5
1464,3,58.0,29.0
1465,3,58.0,29.5
1466,3,58.0,30.0
1467,3,58.0,30.5
1468,3,58.0,31.0
1469,3,58.0,31.5
1470,3,58.0,32.0
1471,3,58.0,32.5
1472,3,58.0,33.0
1473,3,58.0,33.5
1474,3,58.0,34.0
1475,3,58.0,34.5
1476,3,58.0,35.0
1477,3,58.0,35.5
1478,3,58.0,36.0
1479,3,58.0,36.5
1480,3,58.0,37.0
1481,3,58.0,37.5
1482,3,58.0,38.0
1483,3,58.0,38.5
1484,3,58.0,39.0
1485,3,58.0,39.5
1486,3,58.0,40.0
1487,3,58.0,40.5
1488,3,58.0,41.0
1489,3,58.0,41.5
1490,3,58.0,42.0
1491,3,58.0,42.5
1492,3,58.0,43.0
1493,3,58.0,43.5
1494,3,58.0,44.0
1495,2,57.5,-6.5
1496,2,57.5,-5.5
1497,2,57.5,-5.0
1498,2,57.5,-4.5
1499,2,57.5,-4.0
1500,2,57.5,-3.5
1501,2,57.5,-3.0
1502,2,57.5,-2.5
1503,2,57.5,-2.0
1504,2,57.5,10.0
1505,2,57.5,12.0
1506,2,57.5,12.5
1507,2,57.5,13.0
1508,2,57.5,13.5
1509,2,57.5,14.0
1510,2,57.5,14.5
1511,2,57.5,15.0
1512,2,57.5,15.5
1513,2,57.5,16.0
1514,2,57.5,16.5
1515,2,57.5,18.5
1516,2,57.5,22.0
1517,2,57.5,22.5
1518,3,57.5,24.5
1519,3,57.5,25.0
1520,3,57.5,25.5
1521,3,57.5,26.0
1522,3,57.5,26.5
1523,3,57.5,27.0
1524,3,57.5,27.5
1525,3,57.5,28.0
1526,3,57.5,28.5
1527,3,57.5,29.0
1528,3,57.5,29.5
1529,3,57.5,30.0
1530,3,57.5,30.5
1531,3,57.5,31.0
1532,3,57.5,31.5
1533,3,57.5,32.0
1534,3,57.5,32.5
1535,3,57.5,33.0
1536,3,57.5,33.5
1537,3,57.5,34.0
1538,3,57.5,34.5
1539,3,57.5,35.0
1540,3,57.5,35.5
1541,3,57.5,36.0
1542,3,57.5,36.5
1543,3,57.5,37.0
1544,3,57.5,37.5
1545,3,57.5,38.0
1546,3,57.5,38.5
1547,3,57.5,39.0
1548,3,57.5,39.5
1549,3,57.5,40.0
1550,3,57.5,40.5
1551,3,57.5,41.0
1552,3,57.5,41.5
1553,3,57.5,42.0
1554,3,57.5,42.5
1555,3,57.5,43.0
1556,3,57.5,43.5
1557,3,57.5,44.0
1558,2,57.0,-6.0
1559,2,57.0,-5.5
1560,2,57.0,-5.0
1561,2,57.0,-4.5
1562,2,57.0,-4.0
1563,2,57.0,-3.5
1564,2,57.0,-3.0
1565,2,57.0,-2.5
1566,2,57.0,8.5
1567,2,57.0,9.5
1568,2,57.0,10.0
1569,2,57.0,12.5
1570,2,57.0,13.0
1571,2,57.0,13.5
1572,2,57.0,14.0
1573,2,57.0,14.5
1574,2,57.0,15.0
1575,2,57.0,15.5
1576,2,57.0,16.0
1577,2,57.0,16.5
1578,2,57.0,18.5
1579,2,57.0,21.5
1580,2,57.0,22.0
1581,2,57.0,22.5
1582,1,57.0,23.0
1583,1,57.0,23.5
1584,1,57.0,24.0
1585,3,57.0,24.5
1586,3,57.0,25.0
1587,3,57.0,25.5
1588,3,57.0,26.0
1589,3,57.0,26.5
1590,3,57.0,27.0
1591,3,57.0,27.5
1592,3,57.0,28.0
1593,3,57.0,28.5
1594,3,57.0,29.0
1595,3,57.0,29.5
1596,3,57.0,30.0
1597,3,57.0,30.5
1598,3,57.0,31.0
1599,3,57.0,31.5
1600,3,57.0,32.0
1601,3,57.0,32.5
1602,3,57.0,33.0
1603,3,57.0,33.5
1604,3,57.0,34.0
1605,3,57.0,34.5
1606,3,57.0,35.0
1607,3,57.0,35.5
1608,3,57.0,36.0
1609,3,57.0,36.5
1610,3,57.0,37.0
1611,3,57.0,37.5
1612,3,57.0,38.0
1613,3,57.0,38.5
1614,3,57.0,39.0
1615,3,57.0,39.5
1616,3,57.0,40.0
1617,3,57.0,40.5
1618,3,57.0,41.0
1619,3,57.0,41.5
1620,3,57.0,42.0
1621,3,57.0,42.5
1622,3,57.0,43.0
1623,3,57.0,43.5
1624,3,57.0,44.0
1625,2,56.5,-6.0
1626,2,56.5,-5.5
1627,2,56.5,-5.0
1628,2,56.5,-4.5
1629,2,56.5,-4.0
1630,2,56.5,-3.5
1631,2,56.5,-3.0
1632,2,56.5,-2.5
1633,2,56.5,8.5
1634,2,56.5,9.0
1635,2,56.5,9.5
1636,2,56.5,10.0
1637,2,56.5,10.5
1638,2,56.5,12.5
1639,2,56.5,13.0
1640,2,56.5,13.5
1641,2,56.5,14.0
1642,2,56.5,14.5
1643,2,56.5,15.0
1644,2,56.5,15.5
1645,2,56.5,16.0
1646,2,56.5,16.5
1647,2,56.5,21.0
1648,2,56.5,21.5
1649,2,56.5,22.0
1650,1,56.5,22.5
1651,1,56.5,23.0
1652,1,56.5,23.5
1653,1,56.5,24.0
1654,1,56.5,24.5
1655,1,56.5,25.0
1656,3,56.5,25.5
1657,3,56.5,26.0
1658,3,56.5,26.5
1659,3,56.5,27.0
1660,3,56.5,27.5
1661,3,56.5,28.0
1662,3,56.5,28.5
1663,3,56.5,29.0
1664,3,56.5,29.5
1665,3,56.5,30.0
1666,3,56.5,30.5
1667,3,56.5,31.0
1668,3,56.5,31.5
1669,3,56.5,32.0
1670,3,56.5,32.5
1671,3,56.5,33.0
1672,3,56.5,33.5
1673,3,56.5,34.0
1674,3,56.5,34.5
1675,3,56.5,35.0
1676,3,56.5,35.5
1677,3,56.5,36.0
1678,3,56.5,36.5
1679,3,56.5,37.0
1680,3,56.5,37.5
1681,3,56.5,38.0
1682,3,56.5,38.5
1683,3,56.5,39.0
1684,3,56.5,39.5
1685,3,56.5,40.0
1686,3,56.5,40.5
1687,3,56.5,41.0
1688,3,56.5,41.5
1689,3,56.5,42.0
1690,3,56.5,42.5
1691,3,56.5,43.0
1692,3,56.5,43.5
1693,3,56.5,44.0
1694,2,56.0,-5.5
1695,2,56.0,-5.0
1696,2,56.0,-4.5
1697,2,56.0,-4.0
1698,2,56.0,-3.5
1699,2,56.0,-3.0
1700,2,56.0,-2.5
1701,2,56.0,8.5
1702,2,56.0,9.0
1703,2,56.0,9.5
1704,2,56.0,10.0
1705,2,56.0,10.5
1706,2,56.0,11.5
1707,2,56.0,12.0
1708,2,56.0,12.5
1709,2,56.0,13.0
1710,2,56.0,13.5
1711,2,56.0,14.0
1712,2,56.0,14.5
1713,2,56.0,21.0
1714,2,56.0,21.5
1715,2,56.0,22.0
1716,1,56.0,22.5
1717,1,56.0,23.0
1718,1,56.0,23.5
1719,1,56.0,24.0
1720,1,56.0,24.5
1721,1,56.0,25.0
1722,1,56.0,25.5
1723,1,56.0,26.0
1724,1,56.0,26.5
1725,1,56.0,27.0
1726,1,56.0,27.5
1727,1,56.0,28.0
1728,1,56.0,28.5
1729,1,56.0,29.0
1730,3,56.0,29.5
1731,3,56.0,30.0
1732,3,56.0,30.5
1733,3,56.0,31.0
1734,3,56.0,31.5
1735,3,56.0,32.0
1736,3,56.0,32.5
1737,3,56.0,33.0
1738,3,56.0,33.5
1739,3,56.0,34.0
1740,3,56.0,34.5
1741,3,56.0,35.0
1742,3,56.0,35.5
1743,3,56.0,36.0
1744,3,56.0,36.5
1745,3,56.0,37.0
1746,3,56.0,37.5
1747,3,56.0,38.0
1748,3,56.0,38.5
1749,3,56.0,39.0
1750,3,56.0,39.5
1751,3,56.0,40.0
1752,3,56.0,40.5
1753,3,56.0,41.0
1754,3,56.0,41.5
1755,3,56.0,42.0
1756,3,56.0,42.5
1757,3,56.0,43.0
1758,3,56.0,43.5
1759,3,56.0,44.0
1760,2,55.5,-7.5
1761,2,55.5,-4.5
1762,2,55.5,-4.0
1763,2,55.5,-3.5
1764,2,55.5,-3.0
1765,2,55.5,-2.5
1766,2,55.5,-2.0
1767,2,55.5,-1.5
1768,2,55.5,8.5
1769,2,55.5,9.0
1770,2,55.5,9.5
1771,2,55.5,10.0
1772,2,55.5,10.5
1773,2,55.5,11.0
1774,2,55.5,11.5
1775,2,55.5,12.0
1776,2,55.5,12.5
1777,2,55.5,13.0
1778,2,55.5,13.5
1779,2,55.5,14.0
1780,2,55.5,21.5
1781,1,55.5,22.0
1782,1,55.5,22.5
1783,1,55.5,23.0
1784,1,55.5,23.5
1785,1,55.5,24.0
1786,1,55.5,24.5
1787,1,55.5,25.0
1788,1,55.5,25.5
1789,1,55.5,26.0
1790,1,55.5,26.5
1791,1,55.5,27.0
1792,1,55.5,27.5
1793,1,55.5,28.0
1794,1,55.5,28.5
1795,1,55.5,29.0
1796,1,55.5,29.5
1797,1,55.5,30.0
1798,1,55.5,30.5
1799,1,55.5,31.0
1800,1,55.5,31.5
1801,1,55.5,32.0
1802,1,55.5,32.5
1803,1,55.5,33.0
1804,1,55.5,33.5
1805,1,55.5,34.0
1806,3,55.5,34.5
1807,3,55.5,35.0
1808,3,55.5,35.5
1809,3,55.5,36.0
1810,3,55.5,36.5
1811,3,55.5,37.0
1812,3,55.5,37.5
1813,3,55.5,38.0
1814,3,55.5,38.5
1815,3,55.5,39.0
1816,3,55.5,39.5
1817,3,55.5,40.0
1818,3,55.5,40.5
1819,3,55.5,41.0
1820,3,55.5,41.5
1821,3,55.5,42.0
1822,3,55.5,42.5
1823,3,55.5,43.0
1824,3,55.5,43.5
1825,3,55.5,44.0
1826,2,55.0,-8.0
1827,2,55.0,-7.5
1828,2,55.0,-7.0
1829,2,55.0,-6.5
1830,2,55.0,-6.0
1831,2,55.0,-5.0
1832,2,55.0,-4.5
1833,2,55.0,-4.0
1834,2,55.0,-3.5
1835,2,55.0,-3.0
1836,2,55.0,-2.5
1837,2,55.0,-2.0
1838,2,55.0,-1.5
1839,2,55.0,-1.0
1840,2,55.0,8.5
1841,2,55.0,9.0
1842,2,55.0,9.5
1843,2,55.0,10.0
1844,2,55.0,10.5
1845,2,55.0,12.0
1846,2,55.0,12.5
1847,2,55.0,20.0
1848,2,55.0,20.5
1849,2,55.0,21.5
1850,1,55.0,22.0
1851,1,55.0,22.5
1852,1,55.0,23.0
1853,1,55.0,23.5
1854,1,55.0,24.0
1855,1,55.0,24.5
1856,1,55.0,25.0
1857,1,55.0,25.5
1858,1,55.0,26.0
1859,1,55.0,26.5
1860,1,55.0,27.0
1861,1,55.0,27.5
1862,1,55.0,28.0
1863,1,55.0,28.5
1864,1,55.0,29.0
1865,1,55.0,29.5
1866,1,55.0,30.0
1867,1,55.0,30.5
1868,1,55.0,31.0
1869,1,55.0,31.5
1870,1,55.0,32.0
1871,1,55.0,32.5
1872,1,55.0,33.0
1873,1,55.0,33.5
1874,1,55.0,34.0
1875,1,55.0,34.5
1876,1,55.0,35.0
1877,1,55.0,35.5
1878,1,55.0,36.0
1879,1,55.0,36.5
1880,1,55.0,37.0
1881,1,55.0,37.5
1882,1,55.0,38.0
1883,1,55.0,38.5
1884,1,55.0,39.0
1885,1,55.0,39.5
1886,1,55.0,40.0
1887,1,55.0,40.5
1888,1,55.0,41.0
1889,1,55.0,41.5
1890,1,55.0,42.0
1891,1,55.0,42.5
1892,1,55.0,43.0
1893,1,55.0,43.5
1894,1,55.0,44.0
1895,2,54.5,-8.5
1896,2,54.5,-8.0
1897,2,54.5,-7.5
1898,2,54.5,-7.0
1899,2,54.5,-6.5
1900,2,54.5,-6.0
1901,2,54.5,-5.5
1902,2,54.5,-3.5
1903,2,54.5,-3.0
1904,2,54.5,-2.5
1905,2,54.5,-2.0
1906,2,54.5,-1.5
1907,2,54.5,-1.0
1908,2,54.5,8.5
1909,2,54.5,9.0
1910,2,54.5,9.5
1911,2,54.5,10.0
1912,2,54.5,10.5
1913,2,54.5,12.5
1914,2,54.5,13.0
1915,2,54.5,16.0
1916,2,54.5,16.5
1917,2,54.5,17.0
1918,2,54.5,17.5
1919,2,54.5,18.0
1920,2,54.5,18.5
1921,2,54.5,19.0
1922,2,54.5,19.5
1923,2,54.5,20.0
1924,2,54.5,20.5
1925,2,54.5,21.0
1926,2,54.5,21.5
1927,1,54.5,22.0
1928,1,54.5,22.5
1929,1,54.5,23.0
1930,1,54.5,23.5
1931,1,54.5,24.0
1932,1,54.5,24.5
1933,1,54.5,25.0
1934,1,54.5,25.5
1935,1,54.5,26.0
1936,1,54.5,26.5
1937,1,54.5,27.0
1938,1,54.5,27.5
1939,1,54.5,28.0
1940,1,54.5,28.5
1941,1,54.5,29.0
1942,1,54.5,29.5
1943,1,54.5,30.0
1944,1,54.5,30.5
1945,1,54.5,31.0
1946,1,54.5,31.5
1947,1,54.5,32.0
1948,1,54.5,32.5
1949,1,54.5,33.0
1950,1,54.5,33.5
1951,1,54.5,34.0
1952,1,54.5,34.5
1953,1,54.5,35.0
1954,1,54.5,35.5
1955,1,54.5,36.0
1956,1,54.5,36.5
1957,1,54.5,37.0
1958,1,54.5,37.5
1959,1,54.5,38.0
1960,1,54.5,38.5
1961,1,54.5,39.0
1962,1,54.5,39.5
1963,1,54.5,40.0
1964,1,54.5,40.5
1965,1,54.5,41.0
1966,1,54.5,41.5
1967,1,54.5,42.0
1968,1,54.5,42.5
1969,1,54.5,43.0
1970,1,54.5,43.5
1971,1,54.5,44.0
1972,2,54.0,-10.0
1973,2,54.0,-9.5
1974,2,54.0,-9.0
1975,2,54.0,-8.5
1976,2,54.0,-8.0
1977,2,54.0,-7.5
1978,2,54.0,-7.0
1979,2,54.0,-6.5
1980,2,54.0,-6.0
1981,2,54.0,-3.0
1982,2,54.0,-2.5
1983,2,54.0,-2.0
1984,2,54.0,-1.5
1985,2,54.0,-1.0
1986,2,54.0,-0.5
1987,2,54.0,9.0
1988,2,54.0,9.5
1989,2,54.0,10.0
1990,2,54.0,10.5
1991,2,54.0,11.0
1992,2,54.0,11.5
1993,2,54.0,12.0
1994,2,54.0,12.5
1995,2,54.0,13.0
1996,2,54.0,13.5
1997,2,54.0,14.0
1998,2,54.0,14.5
1999,2,54.0,15.0
2000,2,54.0,15.5
2001,2,54.0,16.0
2002,2,54.0,16.5
2003,2,54.0,17.0
2004,2,54.0,17.5
2005,2,54.0,18.0
2006,2,54.0,18.5
2007,2,54.0,19.0
2008,2,54.0,19.5
2009,2,54.0,20.0
2010,2,54.0,20.5
2011,2,54.0,21.0
2012,2,54.0,21.5
2013,1,54.0,22.0
2014,1,54.0,22.5
2015,1,54.0,23.0
2016,1,54.0,23.5
2017,1,54.0,24.0
2018,1,54.0,24.5
2019,1,54.0,25.0
2020,1,54.0,25.5
2021,1,54.0,26.0
2022,1,54.0,26.5
2023,1,54.0,27.0
2024,1,54.0,27.5
2025,1,54.0,28.0
2026,1,54.0,28.5
2027,1,54.0,29.0
2028,1,54.0,29.5
2029,1,54.0,30.0
2030,1,54.0,30.5
2031,1,54.0,31.0
2032,1,54.0,31.5
2033,1,54.0,32.0
2034,1,54.0,32.5
2035,1,54.0,33.0
2036,1,54.0,33.5
2037,1,54.0,34.0
2038,1,54.0,34.5
2039,1,54.0,35.0
2040,1,54.0,35.5
2041,1,54.0,36.0
2042,1,54.0,36.5
2043,1,54.0,37.0
2044,1,54.0,37.5
2045,1,54.0,38.0
2046,1,54.0,38.5
2047,1,54.0,39.0
2048,1,54.0,39.5
2049,1,54.0,40.0
2050,1,54.0,40.5
2051,1,54.0,41.0
2052,1,54.0,41.5
2053,1,54.0,42.0
2054,1,54.0,42.5
2055,1,54.0,43.0
2056,1,54.0,43.5
2057,1,54.0,44.0
2058,2,53.5,-10.0
2059,2,53.5,-9.5
2060,2,53.5,-9.0
2061,2,53.5,-8.5
2062,2,53.5,-8.0
2063,2,53.5,-7.5
2064,2,53.5,-7.0
2065,2,53.5,-6.5
2066,2,53.5,-6.0
2067,2,53.5,-4.5
2068,2,53.5,-4.0
2069,2,53.5,-3.5
2070,2,53.5,-3.0
2071,2,53.5,-2.5
2072,2,53.5,-2.0
2073,2,53.5,-1.5
2074,2,53.5,-1.0
2075,2,53.5,-0.5
2076,2,53.5,0.0
2077,2,53.5,5.5
2078,2,53.5,6.0
2079,2,53.5,6.5
2080,2,53.5,7.0
2081,2,53.5,7.5
2082,2,53.5,8.0
2083,2,53.5,8.5
2084,2,53.5,9.0
2085,2,53.5,9.5
2086,2,53.5,10.0
2087,2,53.5,10.5
2088,2,53.5,11.0
2089,2,53.5,11.5
2090,2,53.5,12.0
2091,2,53.5,12.5
2092,2,53.5,13.0
2093,2,53.5,13.5
2094,2,53.5,14.0
2095,2,53.5,14.5
2096,2,53.5,15.0
2097,2,53.5,15.5
2098,2,53.5,16.0
2099,2,53.5,16.5
2100,2,53.5,17.0
2101,2,53.5,17.5
2102,2,53.5,18.0
2103,2,53.5,18.5
2104,2,53.5,19.0
2105,2,53.5,19.5
2106,2,53.5,20.0
2107,2,53.5,20.5
2108,2,53.5,21.0
2109,2,53.5,21.5
2110,1,53.5,22.0
2111,1,53.5,22.5
2112,1,53.5,23.0
2113,1,53.5,23.5
2114,1,53.5,24.0
2115,1,53.5,24.5
2116,1,53.5,25.0
2117,1,53.5,25.5
2118,1,53.5,26.0
2119,1,53.5,26.5
2120,1,53.5,27.0
2121,1,53.5,27.5
2122,1,53.5,28.0
2123,1,53.5,28.5
2124,1,53.5,29.0
2125,1,53.5,29.5
2126,1,53.5,30.0
2127,1,53.5,30.5
2128,1,53.5,31.0
2129,1,53.5,31.5
2130,1,53.5,32.0
2131,1,53.5,32.5
2132,1,53.5,33.0
2133,1,53.5,33.5
2134,1,53.5,34.0
2135,1,53.5,34.5
2136,1,53.5,35.0
2137,1,53.5,35.5
2138,1,53.5,36.0
2139,1,53.5,36.5
2140,1,53.5,37.0
2141,1,53.5,37.5
2142,1,53.5,38.0
2143,1,53.5,38.5
2144,1,53.5,39.0
2145,1,53.5,39.5
2146,1,53.5,40.0
2147,1,53.5,40.5
2148,1,53.5,41.0
2149,1,53.5,41.5
2150,1,53.5,42.0
2151,1,53.5,42.5
2152,1,53.5,43.0
2153,1,53.5,43.5
2154,1,53.5,44.0
2155,2,53.0,-9.5
2156,2,53.0,-9.0
2157,2,53.0,-8.5
2158,2,53.0,-8.0
2159,2,53.0,-7.5
2160,2,53.0,-7.0
2161,2,53.0,-6.5
2162,2,53.0,-6.0
2163,2,53.0,-4.5
2164,2,53.0,-4.0
2165,2,53.0,-3.5
2166,2,53.0,-3.0
2167,2,53.0,-2.5
2168,2,53.0,-2.0
2169,2,53.0,-1.5
2170,2,53.0,-1.0
2171,2,53.0,-0.5
2172,2,53.0,0.0
2173,2,53.0,5.5
2174,2,53.0,6.0
2175,2,53.0,6.5
2176,2,53.0,7.0
2177,2,53.0,7.5
2178,2,53.0,8.0
2179,2,53.0,8.5
2180,2,53.0,9.0
2181,2,53.0,9.5
2182,2,53.0,10.0
2183,2,53.0,10.5
2184,2,53.0,11.0
2185,2,53.0,11.5
2186,2,53.0,12.0
2187,2,53.0,12.5
2188,2,53.0,13.0
2189,2,53.0,13.5
2190,2,53.0,14.0
2191,2,53.0,14.5
2192,2,53.0,15.0
2193,2,53.0,15.5
2194,2,53.0,16.0
2195,2,53.0,16.5
2196,2,53.0,17.0
2197,2,53.0,17.5
2198,2,53.0,18.0
2199,2,53.0,18.5
2200,2,53.0,19.0
2201,2,53.0,19.5
2202,2,53.0,20.0
2203,2,53.0,20.5
2204,2,53.0,21.0
2205,2,53.0,21.5
2206,1,53.0,22.0
2207,1,53.0,22.5
2208,1,53.0,23.0
2209,1,53.0,23.5
2210,1,53.0,24.0
2211,1,53.0,24.5
2212,1,53.0,25.0
2213,1,53.0,25.5
2214,1,53.0,26.0
2215,1,53.0,26.5
2216,1,53.0,27.0
2217,1,53.0,27.5
2218,1,53.0,28.0
2219,1,53.0,28.5
2220,1,53.0,29.0
2221,1,53.0,29.5
2222,1,53.0,30.0
2223,1,53.0,30.5
2224,1,53.0,31.0
2225,1,53.0,31.5
2226,1,53.0,32.0
2227,1,53.0,32.5
2228,1,53.0,33.0
2229,1,53.0,33.5
2230,1,53.0,34.0
2231,1,53.0,34.5
2232,1,53.0,35.0
2233,1,53.0,35.5
2234,1,53.0,36.0
2235,1,53.0,36.5
2236,1,53.0,37.0
2237,1,53.0,37.5
2238,1,53.0,38.0
2239,1,53.0,38.5
2240,1,53.0,39.0
2241,1,53.0,39.5
2242,1,53.0,40.0
2243,1,53.0,40.5
2244,1,53.0,41.0
2245,1,53.0,41.5
2246,1,53.0,42.0
2247,1,53.0,42.5
2248,1,53.0,43.0
2249,1,53.0,43.5
2250,1,53.0,44.0
2251,2,52.5,-10.0
2252,2,52.5,-9.5
2253,2,52.5,-9.0
2254,2,52.5,-8.5
2255,2,52.5,-8.0
2256,2,52.5,-7.5
2257,2,52.5,-7.0
2258,2,52.5,-6.5
2259,2,52.5,-4.0
2260,2,52.5,-3.5
2261,2,52.5,-3.0
2262,2,52.5,-2.5
2263,2,52.5,-2.0
2264,2,52.5,-1.5
2265,2,52.5,-1.0
2266,2,52.5,-0.5
2267,2,52.5,0.0
2268,2,52.5,0.5
2269,2,52.5,1.0
2270,2,52.5,1.5
2271,2,52.5,4.5
2272,2,52.5,5.0
2273,2,52.5,5.5
2274,2,52.5,6.0
2275,2,52.5,6.5
2276,2,52.5,7.0
2277,2,52.5,7.5
2278,2,52.5,8.0
2279,2,52.5,8.5
2280,2,52.5,9.0
2281,2,52.5,9.5
2282,2,52.5,10.0
2283,2,52.5,10.5
2284,2,52.5,11.0
2285,2,52.5,11.5
2286,2,52.5,12.0
2287,2,52.5,12.5
2288,2,52.5,13.0
2289,2,52.5,13.5
2290,2,52.5,14.0
2291,2,52.5,14.5
2292,2,52.5,15.0
2293,2,52.5,15.5
2294,2,52.5,16.0
2295,2,52.5,16.5
2296,2,52.5,17.0
2297,2,52.5,17.5
2298,2,52.5,18.0
2299,2,52.5,18.5
2300,2,52.5,19.0
2301,2,52.5,19.5
2302,2,52.5,20.0
2303,2,52.5,20.5
2304,2,52.5,21.0
2305,2,52.5,21.5
2306,1,52.5,22.0
2307,1,52.5,22.5
2308,1,52.5,23.0
2309,1,52.5,23.5
2310,1,52.5,24.0
2311,1,52.5,24.5
2312,1,52.5,25.0
2313,1,52.5,25.5
2314,1,52.5,26.0
2315,1,52.5,26.5
2316,1,52.5,27.0
2317,1,52.5,27.5
2318,1,52.5,28.0
2319,1,52.5,28.5
2320,1,52.5,29.0
2321,1,52.5,29.5
2322,1,52.5,30.0
2323,1,52.5,30.5
2324,1,52.5,31.0
2325,1,52.5,31.5
2326,1,52.5,32.0
2327,1,52.5,32.5
2328,1,52.5,33.0
2329,1,52.5,33.5
2330,1,52.5,34.0
2331,1,52.5,34.5
2332,1,52.5,35.0
2333,1,52.5,35.5
2334,1,52.5,36.0
2335,1,52.5,36.5
2336,1,52.5,37.0
2337,1,52.5,37.5
2338,1,52.5,38.0
2339,1,52.5,38.5
2340,1,52.5,39.0
2341,1,52.5,39.5
2342,1,52.5,40.0
2343,1,52.5,40.5
2344,1,52.5,41.0
2345,1,52.5,41.5
2346,1,52.5,42.0
2347,1,52.5,42.5
2348,1,52.5,43.0
2349,1,52.5,43.5
2350,1,52.5,44.0
2351,2,52.0,-10.5
2352,2,52.0,-10.0
2353,2,52.0,-9.5
2354,2,52.0,-9.0
2355,2,52.0,-8.5
2356,2,52.0,-8.0
2357,2,52.0,-7.5
2358,2,52.0,-5.0
2359,2,52.0,-4.5
2360,2,52.0,-4.0
2361,2,52.0,-3.5
2362,2,52.0,-3.0
2363,2,52.0,-2.5
2364,2,52.0,-2.0
2365,2,52.0,-1.5
2366,2,52.0,-1.0
2367,2,52.0,-0.5
2368,2,52.0,0.0
2369,2,52.0,0.5
2370,2,52.0,1.0
2371,2,52.0,1.5
2372,2,52.0,4.0
2373,2,52.0,4.5
2374,2,52.0,5.0
2375,2,52.0,5.5
2376,2,52.0,6.0
2377,2,52.0,6.5
2378,2,52.0,7.0
2379,2,52.0,7.5
2380,2,52.0,8.0
2381,2,52.0,8.5
2382,2,52.0,9.0
2383,2,52.0,9.5
2384,2,52.0,10.0
2385,2,52.0,10.5
2386,2,52.0,11.0
2387,2,52.0,11.5
2388,2,52.0,12.0
2389,2,52.0,12.5
2390,2,52.0,13.0
2391,2,52.0,13.5
2392,2,52.0,14.0
2393,2,52.0,14.5
2394,2,52.0,15.0
2395,2,52.0,15.5
2396,2,52.0,16.0
2397,2,52.0,16.5
2398,2,52.0,17.0
2399,2,52.0,17.5
2400,2,52.0,18.0
2401,2,52.0,18.5
2402,2,52.0,19.0
2403,2,52.0,19.5
2404,2,52.0,20.0
2405,2,52.0,20.5
2406,2,52.0,21.0
2407,2,52.0,21.5
2408,1,52.0,22.0
2409,1,52.0,22.5
2410,1,52.0,23.0
2411,1,52.0,23.5
2412,1,52.0,24.0
2413,1,52.0,24.5
2414,1,52.0,25.0
2415,1,52.0,25.5
2416,1,52.0,26.0
2417,1,52.0,26.5
2418,1,52.0,27.0
2419,1,52.0,27.5
2420,1,52.0,28.0
2421,1,52.0,28.5
2422,1,52.0,29.0
2423,1,52.0,29.5
2424,1,52.0,30.0
2425,1,52.0,30.5
2426,1,52.0,31.0
2427,1,52.0,31.5
2428,1,52.0,32.0
2429,1,52.0,32.5
2430,1,52.0,33.0
2431,1,52.0,33.5
2432,1,52.0,34.0
2433,1,52.0,34.5
2434,1,52.0,35.0
2435,1,52.0,35.5
2436,1,52.0,36.0
2437,1,52.0,36.5
2438,1,52.0,37.0
2439,1,52.0,37.5
2440,1,52.0,38.0
2441,1,52.0,38.5
2442,1,52.0,39.0
2443,1,52.0,39.5
2444,1,52.0,40.0
2445,1,52.0,40.5
2446,1,52.0,41.0
2447,1,52.0,41.5
2448,1,52.0,42.0
2449,1,52.0,42.5
2450,1,52.0,43.0
2451,1,52.0,43.5
2452,1,52.0,44.0
2453,2,51.5,-9.5
2454,2,51.5,-9.0
2455,2,51.5,-4.0
2456,2,51.5,-3.5
2457,2,51.5,-3.0
2458,2,51.5,-2.5
2459,2,51.5,-2.0
2460,2,51.5,-1.5
2461,2,51.5,-1.0
2462,2,51.5,-0.5
2463,2,51.5,0.0
2464,2,51.5,0.5
2465,2,51.5,1.0
2466,2,51.5,3.0
2467,2,51.5,3.5
2468,2,51.5,4.0
2469,2,51.5,4.5
2470,2,51.5,5.0
2471,2,51.5,5.5
2472,2,51.5,6.0
2473,2,51.5,6.5
2474,2,51.5,7.0
2475,2,51.5,7.5
2476,2,51.5,8.0
2477,2,51.5,8.5
2478,2,51.5,9.0
2479,2,51.5,9.5
2480,2,51.5,10.0
2481,2,51.5,10.5
2482,2,51.5,11.0
2483,2,51.5,11.5
2484,2,51.5,12.0
2485,2,51.5,12.5
2486,2,51.5,13.0
2487,2,51.5,13.5
2488,2,51.5,14.0
2489,2,51.5,14.5
2490,2,51.5,15.0
2491,2,51.5,15.5
2492,2,51.5,16.0
2493,2,51.5,16.5
2494,2,51.5,17.0
2495,2,51.5,17.5
2496,2,51.5,18.0
2497,2,51.5,18.5
2498,2,51.5,19.0
2499,2,51.5,19.5
2500,2,51.5,20.0
2501,2,51.5,20.5
2502,2,51.5,21.0
2503,2,51.5,21.5
2504,2,51.5,22.0
2505,1,51.5,22.5
2506,1,51.5,23.0
2507,1,51.5,23.5
2508,1,51.5,24.0
2509,1,51.5,24.5
2510,1,51.5,25.0
2511,1,51.5,25.5
2512,1,51.5,26.0
2513,1,51.5,26.5
2514,1,51.5,27.0
2515,1,51.5,27.5
2516,1,51.5,28.0
2517,1,51.5,28.5
2518,1,51.5,29.0
2519,1,51.5,29.5
2520,1,51.5,30.0
2521,1,51.5,30.5
2522,1,51.5,31.0
2523,1,51.5,31.5
2524,1,51.5,32.0
2525,1,51.5,32.5
2526,1,51.5,33.0
2527,1,51.5,33.5
2528,1,51.5,34.0
2529,1,51.5,34.5
2530,1,51.5,35.0
2531,1,51.5,35.5
2532,1,51.5,36.0
2533,1,51.5,36.5
2534,1,51.5,37.0
2535,1,51.5,37.5
2536,1,51.5,38.0
2537,1,51.5,38.5
2538,1,51.5,39.0
2539,1,51.5,39.5
2540,1,51.5,40.0
2541,1,51.5,40.5
2542,1,51.5,41.0
2543,1,51.5,41.5
2544,1,51.5,42.0
2545,1,51.5,42.5
2546,1,51.5,43.0
2547,1,51.5,43.5
2548,1,51.5,44.0
2549,2,51.0,-4.5
2550,2,51.0,-4.0
2551,2,51.0,-3.5
2552,2,51.0,-3.0
2553,2,51.0,-2.5
2554,2,51.0,-2.0
2555,2,51.0,-1.5
2556,2,51.0,-1.0
2557,2,51.0,-0.5
2558,2,51.0,0.0
2559,2,51.0,0.5
2560,2,51.0,1.0
2561,2,51.0,1.5
2562,2,51.0,2.0
2563,2,51.0,2.5
2564,2,51.0,3.0
2565,2,51.0,3.5
2566,2,51.0,4.0
2567,2,51.0,4.5
2568,2,51.0,5.0
2569,2,51.0,5.5
2570,2,51.0,6.0
2571,2,51.0,6.5
2572,2,51.0,7.0
2573,2,51.0,7.5
2574,2,51.0,8.0
2575,2,51.0,8.5
2576,2,51.0,9.0
2577,2,51.0,9.5
2578,2,51.0,10.0
2579,2,51.0,10.5
2580,2,51.0,11.0
2581,2,51.0,11.5
2582,2,51.0,12.0
2583,2,51.0,12.5
2584,2,51.0,13.0
2585,2,51.0,13.5
2586,2,51.0,14.0
2587,2,51.0,14.5
2588,2,51.0,15.0
2589,2,51.0,15.5
2590,2,51.0,16.0
2591,2,51.0,16.5
2592,2,51.0,17.0
2593,2,51.0,17.5
2594,2,51.0,18.0
2595,2,51.0,18.5
2596,2,51.0,19.0
2597,2,51.0,19.5
2598,2,51.0,20.0
2599,2,51.0,20.5
2600,2,51.0,21.0
2601,2,51.0,21.5
2602,2,51.0,22.0
2603,1,51.0,22.5
2604,1,51.0,23.0
2605,1,51.0,23.5
2606,1,51.0,24.0
2607,1,51.0,24.5
2608,1,51.0,25.0
2609,1,51.0,25.5
2610,1,51.0,26.0
2611,1,51.0,26.5
2612,1,51.0,27.0
2613,1,51.0,27.5
2614,1,51.0,28.0
2615,1,51.0,28.5
2616,1,51.0,29.0
2617,1,51.0,29.5
2618,1,51.0,30.0
2619,1,51.0,30.5
2620,1,51.0,31.0
2621,1,51.0,31.5
2622,1,51.0,32.0
2623,1,51.0,32.5
2624,1,51.0,33.0
2625,1,51.0,33.5
2626,1,51.0,34.0
2627,1,51.0,34.5
2628,1,51.0,35.0
2629,1,51.0,35.5
2630,1,51.0,36.0
2631,1,51.0,36.5
2632,1,51.0,37.0
2633,1,51.0,37.5
2634,1,51.0,38.0
2635,1,51.0,38.5
2636,1,51.0,39.0
2637,1,51.0,39.5
2638,1,51.0,40.0
2639,1,51.0,40.5
2640,1,51.0,41.0
2641,1,51.0,41.5
2642,1,51.0,42.0
2643,1,51.0,42.5
2644,1,51.0,43.0
2645,1,51.0,43.5
2646,1,51.0,44.0
2647,2,50.5,-5.0
2648,2,50.5,-4.5
2649,2,50.5,-4.0
2650,2,50.5,-3.5
2651,2,50.5,-3.0
2652,2,50.5,-2.5
2653,2,50.5,1.5
2654,2,50.5,2.0
2655,2,50.5,2.5
2656,2,50.5,3.0
2657,2,50.5,3.5
2658,2,50.5,4.0
2659,2,50.5,4.5
2660,2,50.5,5.0
2661,2,50.5,5.5
2662,2,50.5,6.0
2663,2,50.5,6.5
2664,2,50.5,7.0
2665,2,50.5,7.5
2666,2,50.5,8.0
2667,2,50.5,8.5
2668,2,50.5,9.0
2669,2,50.5,9.5
2670,2,50.5,10.0
2671,2,50.5,10.5
2672,2,50.5,11.0
2673,2,50.5,11.5
2674,2,50.5,12.0
2675,2,50.5,12.5
2676,2,50.5,13.0
2677,2,50.5,13.5
2678,2,50.5,14.0
2679,2,50.5,14.5
2680,2,50.5,15.0
2681,2,50.5,15.5
2682,2,50.5,16.0
2683,2,50.5,16.5
2684,2,50.5,17.0
2685,2,50.5,17.5
2686,2,50.5,18.0
2687,2,50.5,18.5
2688,2,50.5,19.0
2689,2,50.5,19.5
2690,2,50.5,20.0
2691,2,50.5,20.5
2692,2,50.5,21.0
2693,2,50.5,21.5
2694,2,50.5,22.0
2695,1,50.5,22.5
2696,1,50.5,23.0
2697,1,50.5,23.5
2698,1,50.5,24.0
2699,1,50.5,24.5
2700,1,50.5,25.0
2701,1,50.5,25.5
2702,1,50.5,26.0
2703,1,50.5,26.5
2704,1,50.5,27.0
2705,1,50.5,27.5
2706,1,50.5,28.0
2707,1,50.5,28.5
2708,1,50.5,29.0
2709,1,50.5,29.5
2710,1,50.5,30.0
2711,1,50.5,30.5
2712,1,50.5,31.0
2713,1,50.5,31.5
2714,1,50.5,32.0
2715,1,50.5,32.5
2716,1,50.5,33.0
2717,1,50.5,33.5
2718,1,50.5,34.0
2719,1,50.5,34.5
2720,1,50.5,35.0
2721,1,50.5,35.5
2722,1,50.5,36.0
2723,1,50.5,36.5
2724,1,50.5,37.0
2725,1,50.5,37.5
2726,1,50.5,38.0
2727,1,50.5,38.5
2728,1,50.5,39.0
2729,1,50.5,39.5
2730,1,50.5,40.0
2731,1,50.5,40.5
2732,1,50.5,41.0
2733,1,50.5,41.5
2734,1,50.5,42.0
2735,1,50.5,42.5
2736,1,50.5,43.0
2737,1,50.5,43.5
2738,1,50.5,44.0
2739,2,50.0,-5.5
2740,2,50.0,-5.0
2741,2,50.0,1.0
2742,2,50.0,1.5
2743,2,50.0,2.0
2744,2,50.0,2.5
2745,2,50.0,3.0
2746,2,50.0,3.5
2747,2,50.0,4.0
2748,2,50.0,4.5
2749,2,50.0,5.0
2750,2,50.0,5.5
2751,2,50.0,6.0
2752,2,50.0,6.5
2753,2,50.0,7.0
2754,2,50.0,7.5
2755,2,50.0,8.0
2756,2,50.0,8.5
2757,2,50.0,9.0
2758,2,50.0,9.5
2759,2,50.0,10.0
2760,2,50.0,10.5
2761,2,50.0,11.0
2762,2,50.0,11.5
2763,2,50.0,12.0
2764,2,50.0,12.5
2765,2,50.0,13.0
2766,2,50.0,13.5
2767,2,50.0,14.0
2768,2,50.0,14.5
2769,2,50.0,15.0
2770,2,50.0,15.5
2771,2,50.0,16.0
2772,2,50.0,16.5
2773,2,50.0,17.0
2774,2,50.0,17.5
2775,2,50.0,18.0
2776,2,50.0,18.5
2777,2,50.0,19.0
2778,2,50.0,19.5
2779,2,50.0,20.0
2780,2,50.0,20.5
2781,2,50.0,21.0
2782,2,50.0,21.5
2783,2,50.0,22.0
2784,1,50.0,22.5
2785,1,50.0,23.0
2786,1,50.0,23.5
2787,1,50.0,24.0
2788,1,50.0,24.5
2789,1,50.0,25.0
2790,1,50.0,25.5
2791,1,50.0,26.0
2792,1,50.0,26.5
2793,1,50.0,27.0
2794,1,50.0,27.5
2795,1,50.0,28.0
2796,1,50.0,28.5
2797,1,50.0,29.0
2798,1,50.0,29.5
2799,1,50.0,30.0
2800,1,50.0,30.5
2801,1,50.0,31.0
2802,1,50.0,31.5
2803,1,50.0,32.0
2804,1,50.0,32.5
2805,1,50.0,33.0
2806,1,50.0,33.5
2807,1,50.0,34.0
2808,1,50.0,34.5
2809,1,50.0,35.0
2810,1,50.0,35.5
2811,1,50.0,36.0
2812,1,50.0,36.5
2813,1,50.0,37.0
2814,1,50.0,37.5
2815,1,50.0,38.0
2816,1,50.0,38.5
2817,1,50.0,39.0
2818,1,50.0,39.5
2819,1,50.0,40.0
2820,1,50.0,40.5
2821,1,50.0,41.0
2822,1,50.0,41.5
2823,1,50.0,42.0
2824,1,50.0,42.5
2825,1,50.0,43.0
2826,1,50.0,43.5
2827,1,50.0,44.0
2828,2,49.5,-2.0
2829,2,49.5,-1.5
2830,2,49.5,-1.0
2831,2,49.5,-0.5
2832,2,49.5,0.0
2833,2,49.5,0.5
2834,2,49.5,1.0
2835,2,49.5,1.5
2836,2,49.5,2.0
2837,2,49.5,2.5
2838,2,49.5,3.0
2839,2,49.5,3.5
2840,2,49.5,4.0
2841,2,49.5,4.5
2842,2,49.5,5.0
2843,2,49.5,5.5
2844,2,49.5,6.0
2845,2,49.5,6.5
2846,2,49.5,7.0
2847,2,49.5,7.5
2848,2,49.5,8.0
2849,2,49.5,8.5
2850,2,49.5,9.0
2851,2,49.5,9.5
2852,2,49.5,10.0
2853,2,49.5,10.5
2854,2,49.5,11.0
2855,2,49.5,11.5
2856,2,49.5,12.0
2857,2,49.5,12.5
2858,2,49.5,13.0
2859,2,49.5,13.5
2860,2,49.5,14.0
2861,2,49.5,14.5
2862,2,49.5,15.0
2863,2,49.5,15.5
2864,2,49.5,16.0
2865,2,49.5,16.5
2866,2,49.5,17.0
2867,2,49.5,17.5
2868,2,49.5,18.0
2869,2,49.5,18.5
2870,2,49.5,19.0
2871,2,49.5,19.5
2872,2,49.5,20.0
2873,2,49.5,20.5
2874,2,49.5,21.0
2875,2,49.5,21.5
2876,2,49.5,22.0
2877,1,49.5,22.5
2878,1,49.5,23.0
2879,1,49.5,23.5
2880,1,49.5,24.0
2881,1,49.5,24.5
2882,1,49.5,25.0
2883,1,49.5,25.5
2884,1,49.5,26.0
2885,1,49.5,26.5
2886,1,49.5,27.0
2887,1,49.5,27.5
2888,1,49.5,28.0
2889,1,49.5,28.5
2890,1,49.5,29.0
2891,1,49.5,29.5
2892,1,49.5,30.0
2893,1,49.5,30.5
2894,1,49.5,31.0
2895,1,49.5,31.5
2896,1,49.5,32.0
2897,1,49.5,32.5
2898,1,49.5,33.0
2899,1,49.5,33.5
2900,1,49.5,34.0
2901,1,49.5,34.5
2902,1,49.5,35.0
2903,1,49.5,35.5
2904,1,49.5,36.0
2905,1,49.5,36.5
2906,1,49.5,37.0
2907,1,49.5,37.5
2908,1,49.5,38.0
2909,1,49.5,38.5
2910,1,49.5,39.0
2911,1,49.5,39.5
2912,1,49.5,40.0
2913,1,49.5,40.5
2914,1,49.5,41.0
2915,1,49.5,41.5
2916,1,49.5,42.0
2917,1,49.5,42.5
2918,1,49.5,43.0
2919,1,49.5,43.5
2920,1,49.5,44.0
2921,2,49.0,-3.0
2922,2,49.0,-1.5
2923,2,49.0,-1.0
2924,2,49.0,-0.5
2925,2,49.0,0.0
2926,2,49.0,0.5
2927,2,49.0,1.0
2928,2,49.0,1.5
2929,2,49.0,2.0
2930,2,49.0,2.5
2931,2,49.0,3.0
2932,2,49.0,3.5
2933,2,49.0,4.0
2934,2,49.0,4.5
2935,2,49.0,5.0
2936,2,49.0,5.5
2937,2,49.0,6.0
2938,2,49.0,6.5
2939,2,49.0,7.0
2940,2,49.0,7.5
2941,2,49.0,8.0
2942,2,49.0,8.5
2943,2,49.0,9.0
2944,2,49.0,9.5
2945,2,49.0,10.0
2946,2,49.0,10.5
2947,2,49.0,11.0
2948,2,49.0,11.5
2949,2,49.0,12.0
2950,2,49.0,12.5
2951,2,49.0,13.0
2952,2,49.0,13.5
2953,2,49.0,14.0
2954,2,49.0,14.5
2955,2,49.0,15.0
2956,2,49.0,15.5
2957,2,49.0,16.0
2958,2,49.0,16.5
2959,2,49.0,17.0
2960,2,49.0,17.5
2961,2,49.0,18.0
2962,2,49.0,18.5
2963,2,49.0,19.0
2964,2,49.0,19.5
2965,2,49.0,20.0
2966,2,49.0,20.5
2967,2,49.0,21.0
2968,2,49.0,21.5
2969,2,49.0,22.0
2970,1,49.0,22.5
2971,1,49.0,23.0
2972,1,49.0,23.5
2973,1,49.0,24.0
2974,1,49.0,24.5
2975,1,49.0,25.0
2976,1,49.0,25.5
2977,1,49.0,26.0
2978,1,49.0,26.5
2979,1,49.0,27.0
2980,1,49.0,27.5
2981,1,49.0,28.0
2982,1,49.0,28.5
2983,1,49.0,29.0
2984,1,49.0,29.5
2985,1,49.0,30.0
2986,1,49.0,30.5
2987,1,49.0,31.0
2988,1,49.0,31.5
2989,1,49.0,32.0
2990,1,49.0,32.5
2991,1,49.0,33.0
2992,1,49.0,33.5
2993,1,49.0,34.0
2994,1,49.0,34.5
2995,1,49.0,35.0
2996,1,49.0,35.5
2997,1,49.0,36.0
2998,1,49.0,36.5
2999,1,49.0,37.0
3000,1,49.0,37.5
3001,1,49.0,38.0
3002,1,49.0,38.5
3003,1,49.0,39.0
3004,1,49.0,39.5
3005,1,49.0,40.0
3006,1,49.0,40.5
3007,1,49.0,41.0
3008,1,49.0,41.5
3009,1,49.0,42.0
3010,1,49.0,42.5
3011,1,49.0,43.0
3012,1,49.0,43.5
3013,1,49.0,44.0
3014,2,48.5,-4.5
3015,2,48.5,-4.0
3016,2,48.5,-3.5
3017,2,48.5,-3.0
3018,2,48.5,-2.5
3019,2,48.5,-2.0
3020,2,48.5,-1.5
3021,2,48.5,-1.0
3022,2,48.5,-0.5
3023,2,48.5,0.0
3024,2,48.5,0.5
3025,2,48.5,1.0
3026,2,48.5,1.5
3027,2,48.5,2.0
3028,2,48.5,2.5
3029,2,48.5,3.0
3030,2,48.5,3.5
3031,2,48.5,4.0
3032,2,48.5,4.5
3033,2,48.5,5.0
3034,2,48.5,5.5
3035,2,48.5,6.0
3036,2,48.5,6.5
3037,2,48.5,7.0
3038,2,48.5,7.5
3039,2,48.5,8.0
3040,2,48.5,8.5
3041,2,48.5,9.0
3042,2,48.5,9.5
3043,2,48.5,10.0
3044,2,48.5,10.5
3045,2,48.5,11.0
3046,2,48.5,11.5
3047,2,48.5,12.0
3048,2,48.5,12.5
3049,2,48.5,13.0
3050,2,48.5,13.5
3051,2,48.5,14.0
3052,2,48.5,14.5
3053,2,48.5,15.0
3054,2,48.5,15.5
3055,2,48.5,16.0
3056,2,48.5,16.5
3057,2,48.5,17.0
3058,2,48.5,17.5
3059,2,48.5,18.0
3060,2,48.5,18.5
3061,2,48.5,19.0
3062,2,48.5,19.5
3063,2,48.5,20.0
3064,2,48.5,20.5
3065,2,48.5,21.0
3066,2,48.5,21.5
3067,2,48.5,22.0
3068,1,48.5,22.5
3069,1,48.5,23.0
3070,1,48.5,23.5
3071,1,48.5,24.0
3072,1,48.5,24.5
3073,1,48.5,25.0
3074,1,48.5,25.5
3075,1,48.5,26.0
3076,1,48.5,26.5
3077,1,48.5,27.0
3078,1,48.5,27.5
3079,1,48.5,28.0
3080,1,48.5,28.5
3081,1,48.5,29.0
3082,1,48.5,29.5
3083,1,48.5,30.0
3084,1,48.5,30.5
3085,1,48.5,31.0
3086,1,48.5,31.5
3087,1,48.5,32.0
3088,1,48.5,32.5
3089,1,48.5,33.0
3090,1,48.5,33.5
3091,1,48.5,34.0
3092,1,48.5,34.5
3093,1,48.5,35.0
3094,1,48.5,35.5
3095,1,48.5,36.0
3096,1,48.5,36.5
3097,1,48.5,37.0
3098,1,48.5,37.5
3099,1,48.5,38.0
3100,1,48.5,38.5
3101,1,48.5,39.0
3102,1,48.5,39.5
3103,1,48.5,40.0
3104,1,48.5,40.5
3105,1,48.5,41.0
3106,1,48.5,41.5
3107,1,48.5,42.0
3108,1,48.5,42.5
3109,1,48.5,43.0
3110,1,48.5,43.5
3111,1,48.5,44.0
3112,2,48.0,-4.0
3113,2,48.0,-3.5
3114,2,48.0,-3.0
3115,2,48.0,-2.5
3116,2,48.0,-2.0
3117,2,48.0,-1.5
3118,2,48.0,-1.0
3119,2,48.0,-0.5
3120,2,48.0,0.0
3121,2,48.0,0.5
3122,2,48.0,1.0
3123,2,48.0,1.5
3124,2,48.0,2.0
3125,2,48.0,2.5
3126,2,48.0,3.0
3127,2,48.0,3.5
3128,2,48.0,4.0
3129,2,48.0,4.5
3130,2,48.0,5.0
3131,2,48.0,5.5
3132,2,48.0,6.0
3133,2,48.0,6.5
3134,2,48.0,7.0
3135,2,48.0,7.5
3136,2,48.0,8.0
3137,2,48.0,8.5
3138,2,48.0,9.0
3139,2,48.0,9.5
3140,2,48.0,10.0
3141,2,48.0,10.5
3142,2,48.0,11.0
3143,2,48.0,11.5
3144,2,48.0,12.0
3145,2,48.0,12.5
3146,2,48.0,13.0
3147,2,48.0,13.5
3148,2,48.0,14.0
3149,2,48.0,14.5
3150,2,48.0,15.0
3151,2,48.0,15.5
3152,2,48.0,16.0
3153,2,48.0,16.5
3154,2,48.0,17.0
3155,2,48.0,17.5
3156,2,48.0,18.0
3157,2,48.0,18.5
3158,2,48.0,19.0
3159,2,48.0,19.5
3160,2,48.0,20.0
3161,2,48.0,20.5
3162,2,48.0,21.0
3163,2,48.0,21.5
3164,2,48.0,22.0
3165,2,48.0,22.5
3166,1,48.0,23.0
3167,1,48.0,23.5
3168,1,48.0,24.0
3169,1,48.0,24.5
3170,1,48.0,25.0
3171,1,48.0,25.5
3172,1,48.0,26.0
3173,1,48.0,26.5
3174,1,48.0,27.0
3175,1,48.0,27.5
3176,1,48.0,28.0
3177,1,48.0,28.5
3178,1,48.0,29.0
3179,1,48.0,29.5
3180,1,48.0,30.0
3181,1,48.0,30.5
3182,1,48.0,31.0
3183,1,48.0,31.5
3184,1,48.0,32.0
3185,1,48.0,32.5
3186,1,48.0,33.0
3187,1,48.0,33.5
3188,1,48.0,34.0
3189,1,48.0,34.5
3190,1,48.0,35.0
3191,1,48.0,35.5
3192,1,48.0,36.0
3193,1,48.0,36.5
3194,1,48.0,37.0
3195,1,48.0,37.5
3196,1,48.0,38.0
3197,1,48.0,38.5
3198,1,48.0,39.0
3199,1,48.0,39.5
3200,1,48.0,40.0
3201,1,48.0,40.5
3202,1,48.0,41.0
3203,1,48.0,41.5
3204,1,48.0,42.0
3205,1,48.0,42.5
3206,1,48.0,43.0
3207,1,48.0,43.5
3208,1,48.0,44.0
3209,2,47.5,-3.0
3210,2,47.5,-2.5
3211,2,47.5,-2.0
3212,2,47.5,-1.5
3213,2,47.5,-1.0
3214,2,47.5,-0.5
3215,2,47.5,0.0
3216,2,47.5,0.5
3217,2,47.5,1.0
3218,2,47.5,1.5
3219,2,47.5,2.0
3220,2,47.5,2.5
3221,2,47.5,3.0
3222,2,47.5,3.5
3223,2,47.5,4.0
3224,2,47.5,4.5
3225,2,47.5,5.0
3226,2,47.5,5.5
3227,2,47.5,6.0
3228,2,47.5,6.5
3229,2,47.5,7.0
3230,2,47.5,7.5
3231,2,47.5,8.0
3232,2,47.5,8.5
3233,2,47.5,9.0
3234,2,47.5,9.5
3235,2,47.5,10.0
3236,2,47.5,10.5
3237,2,47.5,11.0
3238,2,47.5,11.5
3239,2,47.5,12.0
3240,2,47.5,12.5
3241,2,47.5,13.0
3242,2,47.5,13.5
3243,2,47.5,14.0
3244,2,47.5,14.5
3245,2,47.5,15.0
3246,2,47.5,15.5
3247,2,47.5,16.0
3248,2,47.5,16.5
3249,2,47.5,17.0
3250,2,47.5,17.5
3251,2,47.5,18.0
3252,2,47.5,18.5
3253,2,47.5,19.0
3254,2,47.5,19.5
3255,2,47.5,20.0
3256,2,47.5,20.5
3257,2,47.5,21.0
3258,2,47.5,21.5
3259,2,47.5,22.0
3260,2,47.5,22.5
3261,1,47.5,23.0
3262,1,47.5,23.5
3263,1,47.5,24.0
3264,1,47.5,24.5
3265,1,47.5,25.0
3266,1,47.5,25.5
3267,1,47.5,26.0
3268,1,47.5,26.5
3269,1,47.5,27.0
3270,1,47.5,27.5
3271,1,47.5,28.0
3272,1,47.5,28.5
3273,1,47.5,29.0
3274,1,47.5,29.5
3275,1,47.5,30.0
3276,1,47.5,30.5
3277,1,47.5,31.0
3278,1,47.5,31.5
3279,1,47.5,32.0
3280,1,47.5,32.5
3281,1,47.5,33.0
3282,1,47.5,33.5
3283,1,47.5,34.0
3284,1,47.5,34.5
3285,1,47.5,35.0
3286,1,47.5,35.5
3287,1,47.5,36.0
3288,1,47.5,36.5
3289,1,47.5,37.0
3290,1,47.5,37.5
3291,1,47.5,38.0
3292,1,47.5,38.5
3293,1,47.5,39.0
3294,1,47.5,39.5
3295,1,47.5,40.0
3296,1,47.5,40.5
3297,1,47.5,41.0
3298,1,47.5,41.5
3299,1,47.5,42.0
3300,1,47.5,42.5
3301,1,47.5,43.0
3302,1,47.5,43.5
3303,1,47.5,44.0
3304,2,47.0,-2.0
3305,2,47.0,-1.5
3306,2,47.0,-1.0
3307,2,47.0,-0.5
3308,2,47.0,0.0
3309,2,47.0,0.5
3310,2,47.0,1.0
3311,2,47.0,1.5
3312,2,47.0,2.0
3313,2,47.0,2.5
3314,2,47.0,3.0
3315,2,47.0,3.5
3316,2,47.0,4.0
3317,2,47.0,4.5
3318,2,47.0,5.0
3319,2,47.0,5.5
3320,2,47.0,6.0
3321,2,47.0,6.5
3322,2,47.0,7.0
3323,2,47.0,7.5
3324,2,47.0,8.0
3325,2,47.0,8.5
3326,2,47.0,9.0
3327,2,47.0,9.5
3328,2,47.0,10.0
3329,2,47.0,10.5
3330,2,47.0,11.0
3331,2,47.0,11.5
3332,2,47.0,12.0
3333,2,47.0,12.5
3334,2,47.0,13.0
3335,2,47.0,13.5
3336,2,47.0,14.0
3337,2,47.0,14.5
3338,2,47.0,15.0
3339,2,47.0,15.5
3340,2,47.0,16.0
3341,2,47.0,16.5
3342,2,47.0,17.0
3343,2,47.0,17.5
3344,2,47.0,18.0
3345,2,47.0,18.5
3346,2,47.0,19.0
3347,2,47.0,19.5
3348,2,47.0,20.0
3349,2,47.0,20.5
3350,2,47.0,21.0
3351,2,47.0,21.5
3352,2,47.0,22.0
3353,2,47.0,22.5
3354,1,47.0,23.0
3355,1,47.0,23.5
3356,1,47.0,24.0
3357,1,47.0,24.5
3358,1,47.0,25.0
3359,1,47.0,25.5
3360,1,47.0,26.0
3361,1,47.0,26.5
3362,1,47.0,27.0
3363,1,47.0,27.5
3364,1,47.0,28.0
3365,1,47.0,28.5
3366,1,47.0,29.0
3367,1,47.0,29.5
3368,1,47.0,30.0
3369,1,47.0,30.5
3370,1,47.0,31.0
3371,1,47.0,31.5
3372,1,47.0,32.0
3373,1,47.0,32.5
3374,1,47.0,33.0
3375,1,47.0,33.5
3376,1,47.0,34.0
3377,1,47.0,34.5
3378,1,47.0,35.0
3379,1,47.0,35.5
3380,1,47.0,36.0
3381,1,47.0,36.5
3382,1,47.0,37.0
3383,1,47.0,37.5
3384,1,47.0,39.0
3385,1,47.0,39.5
3386,1,47.0,40.0
3387,1,47.0,40.5
3388,1,47.0,41.0
3389,1,47.0,41.5
3390,1,47.0,42.0
3391,1,47.0,42.5
3392,1,47.0,43.0
3393,1,47.0,43.5
3394,1,47.0,44.0
3395,2,46.5,-1.5
3396,2,46.5,-1.0
3397,2,46.5,-0.5
3398,2,46.5,0.0
3399,2,46.5,0.5
3400,2,46.5,1.0
3401,2,46.5,1.5
3402,2,46.5,2.0
3403,2,46.5,2.5
3404,2,46.5,3.0
3405,2,46.5,3.5
3406,2,46.5,4.0
3407,2,46.5,4.5
3408,2,46.5,5.0
3409,2,46.5,5.5
3410,2,46.5,6.0
3411,2,46.5,6.5
3412,2,46.5,7.0
3413,2,46.5,7.5
3414,2,46.5,8.0
3415,2,46.5,8.5
3416,2,46.5,9.0
3417,2,46.5,9.5
3418,2,46.5,10.0
3419,2,46.5,10.5
3420,2,46.5,11.0
3421,2,46.5,11.5
3422,2,46.5,12.0
3423,2,46.5,12.5
3424,2,46.5,13.0
3425,2,46.5,13.5
3426,2,46.5,14.0
3427,2,46.5,14.5
3428,2,46.5,15.0
3429,2,46.5,15.5
3430,2,46.5,16.0
3431,2,46.5,16.5
3432,2,46.5,17.0
3433,2,46.5,17.5
3434,2,46.5,18.0
3435,2,46.5,18.5
3436,2,46.5,19.0
3437,2,46.5,19.5
3438,2,46.5,20.0
3439,2,46.5,20.5
3440,2,46.5,21.0
3441,2,46.5,21.5
3442,2,46.5,22.0
3443,2,46.5,22.5
3444,1,46.5,23.0
3445,1,46.5,23.5
3446,1,46.5,24.0
3447,1,46.5,24.5
3448,1,46.5,25.0
3449,1,46.5,25.5
3450,1,46.5,26.0
3451,1,46.5,26.5
3452,1,46.5,27.0
3453,1,46.5,27.5
3454,1,46.5,28.0
3455,1,46.5,28.5
3456,1,46.5,29.0
3457,1,46.5,29.5
3458,1,46.5,30.0
3459,1,46.5,30.5
3460,1,46.5,31.0
3461,1,46.5,32.0
3462,1,46.5,32.5
3463,1,46.5,33.0
3464,1,46.5,33.5
3465,1,46.5,34.0
3466,1,46.5,34.5
3467,1,46.5,35.0
3468,1,46.5,35.5
3469,1,46.5,38.0
3470,1,46.5,38.5
3471,1,46.5,39.0
3472,1,46.5,39.5
3473,1,46.5,40.0
3474,1,46.5,40.5
3475,1,46.5,41.0
3476,1,46.5,41.5
3477,1,46.5,42.0
3478,1,46.5,42.5
3479,1,46.5,43.0
3480,1,46.5,43.5
3481,1,46.5,44.0
3482,2,46.0,-1.0
3483,2,46.0,-0.5
3484,2,46.0,0.0
3485,2,46.0,0.5
3486,2,46.0,1.0
3487,2,46.0,1.5
3488,2,46.0,2.0
3489,2,46.0,2.5
3490,2,46.0,3.0
3491,2,46.0,3.5
3492,2,46.0,4.0
3493,2,46.0,4.5
3494,2,46.0,5.0
3495,2,46.0,5.5
3496,2,46.0,6.0
3497,2,46.0,6.5
3498,2,46.0,7.0
3499,2,46.0,7.5
3500,2,46.0,8.0
3501,2,46.0,8.5
3502,2,46.0,9.0
3503,2,46.0,9.5
3504,2,46.0,10.0
3505,2,46.0,10.5
3506,2,46.0,11.0
3507,2,46.0,11.5
3508,2,46.0,12.0
3509,2,46.0,12.5
3510,2,46.0,13.0
3511,2,46.0,13.5
3512,2,46.0,14.0
3513,2,46.0,14.5
3514,2,46.0,15.0
3515,2,46.0,15.5
3516,2,46.0,16.0
3517,2,46.0,16.5
3518,2,46.0,17.0
3519,2,46.0,17.5
3520,2,46.0,18.0
3521,2,46.0,18.5
3522,2,46.0,19.0
3523,2,46.0,19.5
3524,2,46.0,20.0
3525,2,46.0,20.5
3526,2,46.0,21.0
3527,2,46.0,21.5
3528,2,46.0,22.0
3529,2,46.0,22.5
3530,2,46.0,23.0
3531,1,46.0,23.5
3532,1,46.0,24.0
3533,1,46.0,24.5
3534,1,46.0,25.0
3535,1,46.0,25.5
3536,1,46.0,26.0
3537,1,46.0,26.5
3538,1,46.0,27.0
3539,1,46.0,27.5
3540,1,46.0,28.0
3541,1,46.0,28.5
3542,1,46.0,29.0
3543,1,46.0,29.5
3544,1,46.0,30.0
3545,1,46.0,32.0
3546,1,46.0,32.5
3547,1,46.0,33.0
3548,1,46.0,33.5
3549,1,46.0,34.0
3550,1,46.0,34.5
3551,1,46.0,38.0
3552,1,46.0,38.5
3553,1,46.0,39.0
3554,1,46.0,39.5
3555,1,46.0,40.0
3556,1,46.0,40.5
3557,1,46.0,41.0
3558,1,46.0,41.5
3559,1,46.0,42.0
3560,1,46.0,42.5
3561,1,46.0,43.0
3562,1,46.0,43.5
3563,1,46.0,44.0
3564,2,45.5,-1.0
3565,2,45.5,-0.5
3566,2,45.5,0.0
3567,2,45.5,0.5
3568,2,45.5,1.0
3569,2,45.5,1.5
3570,2,45.5,2.0
3571,2,45.5,2.5
3572,2,45.5,3.0
3573,2,45.5,3.5
3574,2,45.5,4.0
3575,2,45.5,4.5
3576,2,45.5,5.0
3577,2,45.5,5.5
3578,2,45.5,6.0
3579,2,45.5,6.5
3580,2,45.5,7.0
3581,2,45.5,7.5
3582,2,45.5,8.0
3583,2,45.5,8.5
3584,2,45.5,9.0
3585,2,45.5,9.5
3586,2,45.5,10.0
3587,2,45.5,10.5
3588,2,45.5,11.0
3589,2,45.5,11.5
3590,2,45.5,12.0
3591,2,45.5,12.5
3592,2,45.5,13.0
3593,2,45.5,14.0
3594,2,45.5,14.5
3595,2,45.5,15.0
3596,2,45.5,15.5
3597,2,45.5,16.0
3598,2,45.5,16.5
3599,2,45.5,17.0
3600,2,45.5,17.5
3601,2,45.5,18.0
3602,2,45.5,18.5
3603,2,45.5,19.0
3604,2,45.5,19.5
3605,2,45.5,20.0
3606,2,45.5,20.5
3607,2,45.5,21.0
3608,2,45.5,21.5
3609,2,45.5,22.0
3610,2,45.5,22.5
3611,1,45.5,23.0
3612,1,45.5,23.5
3613,1,45.5,24.0
3614,1,45.5,24.5
3615,1,45.5,25.0
3616,1,45.5,25.5
3617,1,45.5,26.0
3618,1,45.5,26.5
3619,1,45.5,27.0
3620,1,45.5,27.5
3621,1,45.5,28.0
3622,1,45.5,28.5
3623,1,45.5,29.0
3624,1,45.5,29.5
3625,1,45.5,32.5
3626,1,45.5,33.0
3627,1,45.5,33.5
3628,1,45.5,34.0
3629,1,45.5,34.5
3630,1,45.5,35.0
3631,1,45.5,36.0
3632,1,45.5,36.5
3633,1,45.5,38.0
3634,1,45.5,38.5
3635,1,45.5,39.0
3636,1,45.5,39.5
3637,1,45.5,40.0
3638,1,45.5,40.5
3639,1,45.5,41.0
3640,1,45.5,41.5
3641,1,45.5,42.0
3642,1,45.5,42.5
3643,1,45.5,43.0
3644,1,45.5,43.5
3645,1,45.5,44.0
3646,2,45.0,-1.0
3647,2,45.0,-0.5
3648,2,45.0,0.0
3649,2,45.0,0.5
3650,2,45.0,1.0
3651,2,45.0,1.5
3652,2,45.0,2.0
3653,2,45.0,2.5
3654,2,45.0,3.0
3655,2,45.0,3.5
3656,2,45.0,4.0
3657,2,45.0,4.5
3658,2,45.0,5.0
3659,2,45.0,5.5
3660,2,45.0,6.0
3661,2,45.0,6.5
3662,2,45.0,7.0
3663,2,45.0,7.5
3664,2,45.0,8.0
3665,2,45.0,8.5
3666,2,45.0,9.0
3667,2,45.0,9.5
3668,2,45.0,10.0
3669,2,45.0,10.5
3670,2,45.0,11.0
3671,2,45.0,11.5
3672,2,45.0,12.0
3673,2,45.0,14.0
3674,2,45.0,14.5
3675,2,45.0,15.0
3676,2,45.0,15.5
3677,2,45.0,16.0
3678,2,45.0,16.5
3679,2,45.0,17.0
3680,2,45.0,17.5
3681,2,45.0,18.0
3682,2,45.0,18.5
3683,2,45.0,19.0
3684,2,45.0,19.5
3685,2,45.0,20.0
3686,2,45.0,20.5
3687,2,45.0,21.0
3688,2,45.0,21.5
3689,2,45.0,22.0
3690,1,45.0,22.5
3691,1,45.0,23.0
3692,1,45.0,23.5
3693,1,45.0,24.0
3694,1,45.0,24.5
3695,1,45.0,25.0
3696,1,45.0,25.5
3697,1,45.0,26.0
3698,1,45.0,26.5
3699,1,45.0,27.0
3700,1,45.0,27.5
3701,1,45.0,28.0
3702,1,45.0,28.5
3703,1,45.0,29.0
3704,1,45.0,29.5
3705,1,45.0,33.5
3706,1,45.0,34.0
3707,1,45.0,34.5
3708,1,45.0,35.0
3709,1,45.0,35.5
3710,1,45.0,36.0
3711,1,45.0,37.5
3712,1,45.0,38.0
3713,1,45.0,38.5
3714,1,45.0,39.0
3715,1,45.0,39.5
3716,1,45.0,40.0
3717,1,45.0,40.5
3718,1,45.0,41.0
3719,1,45.0,41.5
3720,1,45.0,42.0
3721,1,45.0,42.5
3722,1,45.0,43.0
3723,1,45.0,43.5
3724,1,45.0,44.0
3725,2,44.5,-1.0
3726,2,44.5,-0.5
3727,2,44.5,0.0
3728,2,44.5,0.5
3729,2,44.5,1.0
3730,2,44.5,1.5
3731,2,44.5,2.0
3732,2,44.5,2.5
3733,2,44.5,3.0
3734,2,44.5,3.5
3735,2,44.5,4.0
3736,2,44.5,4.5
3737,2,44.5,5.0
3738,2,44.5,5.5
3739,2,44.5,6.0
3740,2,44.5,6.5
3741,2,44.5,7.0
3742,2,44.5,7.5
3743,2,44.5,8.0
3744,2,44.5,8.5
3745,2,44.5,9.0
3746,2,44.5,9.5
3747,2,44.5,10.0
3748,2,44.5,10.5
3749,2,44.5,11.0
3750,2,44.5,11.5
3751,2,44.5,12.0
3752,2,44.5,12.5
3753,2,44.5,15.0
3754,2,44.5,15.5
3755,2,44.5,16.0
3756,2,44.5,16.5
3757,2,44.5,17.0
3758,2,44.5,17.5
3759,2,44.5,18.0
3760,2,44.5,18.5
3761,2,44.5,19.0
3762,2,44.5,19.5
3763,2,44.5,20.0
3764,2,44.5,20.5
3765,2,44.5,21.0
3766,2,44.5,21.5
3767,2,44.5,22.0
3768,1,44.5,22.5
3769,1,44.5,23.0
3770,1,44.5,23.5
3771,1,44.5,24.0
3772,1,44.5,24.5
3773,1,44.5,25.0
3774,1,44.5,25.5
3775,1,44.5,26.0
3776,1,44.5,26.5
3777,1,44.5,27.0
3778,1,44.5,27.5
3779,1,44.5,28.0
3780,1,44.5,28.5
3781,4,44.5,33.5
3782,1,44.5,34.0
3783,1,44.5,38.0
3784,1,44.5,38.5
3785,1,44.5,39.0
3786,1,44.5,39.5
3787,1,44.5,40.0
3788,1,44.5,40.5
3789,1,44.5,41.0
3790,1,44.5,41.5
3791,1,44.5,42.0
3792,1,44.5,42.5
3793,1,44.5,43.0
3794,1,44.5,43.5
3795,1,44.5,44.0
3796,2,44.0,-1.0
3797,2,44.0,-0.5
3798,2,44.0,0.0
3799,2,44.0,0.5
3800,2,44.0,1.0
3801,2,44.0,1.5
3802,2,44.0,2.0
3803,2,44.0,2.5
3804,2,44.0,3.0
3805,2,44.0,3.5
3806,2,44.0,4.0
3807,2,44.0,4.5
3808,2,44.0,5.0
3809,2,44.0,5.5
3810,2,44.0,6.0
3811,2,44.0,6.5
3812,2,44.0,7.0
3813,2,44.0,7.5
3814,2,44.0,8.0
3815,2,44.0,10.0
3816,2,44.0,10.5
3817,2,44.0,11.0
3818,2,44.0,11.5
3819,2,44.0,12.0
3820,2,44.0,12.5
3821,2,44.0,15.5
3822,2,44.0,16.0
3823,2,44.0,16.5
3824,2,44.0,17.0
3825,2,44.0,17.5
3826,2,44.0,18.0
3827,2,44.0,18.5
3828,2,44.0,19.0
3829,2,44.0,19.5
3830,2,44.0,20.0
3831,2,44.0,20.5
3832,2,44.0,21.0
3833,1,44.0,21.5
3834,1,44.0,22.0
3835,1,44.0,22.5
3836,1,44.0,23.0
3837,1,44.0,23.5
3838,1,44.0,24.0
3839,1,44.0,24.5
3840,1,44.0,25.0
3841,1,44.0,25.5
3842,1,44.0,26.0
3843,1,44.0,26.5
3844,1,44.0,27.0
3845,1,44.0,27.5
3846,1,44.0,28.0
3847,1,44.0,28.5
3848,4,44.0,39.0
3849,4,44.0,39.5
3850,4,44.0,40.0
3851,4,44.0,40.5
3852,4,44.0,41.0
3853,4,44.0,41.5
3854,4,44.0,42.0
3855,4,44.0,42.5
3856,4,44.0,43.0
3857,4,44.0,43.5
3858,4,44.0,44.0
3859,4,43.5,-8.5
3860,2,43.5,-8.0
3861,2,43.5,-7.5
3862,2,43.5,-7.0
3863,2,43.5,-6.5
3864,2,43.5,-6.0
3865,2,43.5,-5.5
3866,2,43.5,-5.0
3867,2,43.5,-4.0
3868,2,43.5,-3.5
3869,2,43.5,-1.5
3870,2,43.5,-1.0
3871,2,43.5,-0.5
3872,2,43.5,0.0
3873,2,43.5,0.5
3874,2,43.5,1.0
3875,2,43.5,1.5
3876,2,43.5,2.0
3877,2,43.5,2.5
3878,2,43.5,3.0
3879,2,43.5,3.5
3880,2,43.5,4.0
3881,2,43.5,4.5
3882,2,43.5,5.0
3883,2,43.5,5.5
3884,2,43.5,6.0
3885,2,43.5,6.5
3886,2,43.5,7.0
3887,2,43.5,10.5
3888,2,43.5,11.0
3889,2,43.5,11.5
3890,2,43.5,12.0
3891,2,43.5,12.5
3892,2,43.5,13.0
3893,2,43.5,13.5
3894,2,43.5,16.0
3895,2,43.5,16.5
3896,2,43.5,17.0
3897,2,43.5,17.5
3898,2,43.5,18.0
3899,2,43.5,18.5
3900,2,43.5,19.0
3901,2,43.5,19.5
3902,2,43.5,20.0
3903,2,43.5,20.5
3904,2,43.5,21.0
3905,2,43.5,21.5
3906,1,43.5,22.0
3907,1,43.5,22.5
3908,1,43.5,23.0
3909,1,43.5,23.5
3910,1,43.5,24.0
3911,1,43.5,24.5
3912,1,43.5,25.0
3913,1,43.5,25.5
3914,1,43.5,26.0
3915,1,43.5,26.5
3916,1,43.5,27.0
3917,1,43.5,27.5
3918,1,43.5,28.0
3919,4,43.5,28.5
3920,4,43.5,40.0
3921,4,43.5,40.5
3922,4,43.5,41.0
3923,4,43.5,41.5
3924,4,43.5,42.0
3925,4,43.5,42.5
3926,4,43.5,43.0
3927,4,43.5,43.5
3928,4,43.5,44.0
3929,4,43.0,-9.0
3930,2,43.0,-8.5
3931,2,43.0,-8.0
3932,2,43.0,-7.5
3933,2,43.0,-7.0
3934,2,43.0,-6.5
3935,2,43.0,-6.0
3936,2,43.0,-5.5
3937,2,43.0,-5.0
3938,2,43.0,-4.5
3939,2,43.0,-4.0
3940,2,43.0,-3.5
3941,2,43.0,-3.0
3942,2,43.0,-2.5
3943,2,43.0,-2.0
3944,2,43.0,-1.5
3945,2,43.0,-1.0
3946,2,43.0,-0.5
3947,2,43.0,0.0
3948,2,43.0,0.5
3949,2,43.0,1.0
3950,2,43.0,1.5
3951,2,43.0,2.0
3952,2,43.0,2.5
3953,2,43.0,3.0
3954,2,43.0,6.0
3955,2,43.0,6.5
3956,2,43.0,11.0
3957,2,43.0,11.5
3958,2,43.0,12.0
3959,2,43.0,12.5
3960,2,43.0,13.0
3961,2,43.0,13.5
3962,4,43.0,14.0
3963,4,43.0,17.5
3964,2,43.0,18.0
3965,2,43.0,18.5
3966,2,43.0,19.0
3967,2,43.0,19.5
3968,2,43.0,20.0
3969,2,43.0,20.5
3970,2,43.0,21.0
3971,2,43.0,21.5
3972,4,43.0,22.0
3973,4,43.0,22.5
3974,1,43.0,23.0
3975,1,43.0,23.5
3976,1,43.0,24.0
3977,1,43.0,24.5
3978,1,43.0,25.0
3979,1,43.0,25.5
3980,1,43.0,26.0
3981,1,43.0,26.5
3982,1,43.0,27.0
3983,1,43.0,27.5
3984,4,43.0,28.0
3985,4,43.0,40.5
3986,4,43.0,41.0
3987,4,43.0,41.5
3988,4,43.0,42.0
3989,4,43.0,42.5
3990,4,43.0,43.0
3991,4,43.0,43.5
3992,4,43.0,44.0
3993,4,42.5,-9.0
3994,4,42.5,-8.5
3995,2,42.5,-8.0
3996,2,42.5,-7.5
3997,2,42.5,-7.0
3998,2,42.5,-6.5
3999,2,42.5,-6.0
4000,2,42.5,-5.5
4001,2,42.5,-5.0
4002,2,42.5,-4.5
4003,2,42.5,-4.0
4004,2,42.5,-3.5
4005,2,42.5,-3.0
4006,2,42.5,-2.5
4007,2,42.5,-2.0
4008,2,42.5,-1.5
4009,2,42.5,-1.0
4010,2,42.5,-0.5
4011,2,42.5,0.0
4012,2,42.5,0.5
4013,2,42.5,1.0
4014,2,42.5,1.5
4015,2,42.5,2.0
4016,2,42.5,2.5
4017,2,42.5,3.0
4018,2,42.5,9.0
4019,2,42.5,9.5
4020,2,42.5,11.5
4021,2,42.5,12.0
4022,2,42.5,12.5
4023,2,42.5,13.0
4024,2,42.5,13.5
4025,2,42.5,14.0
4026,4,42.5,14.5
4027,4,42.5,18.5
4028,2,42.5,19.0
4029,2,42.5,19.5
4030,2,42.5,20.0
4031,4,42.5,20.5
4032,4,42.5,21.0
4033,4,42.5,21.5
4034,4,42.5,22.0
4035,4,42.5,22.5
4036,4,42.5,23.0
4037,4,42.5,23.5
4038,4,42.5,24.0
4039,4,42.5,24.5
4040,4,42.5,25.0
4041,4,42.5,25.5
4042,4,42.5,26.0
4043,4,42.5,26.5
4044,4,42.5,27.0
4045,4,42.5,27.5
4046,4,42.5,41.5
4047,4,42.5,42.0
4048,4,42.5,42.5
4049,4,42.5,43.0
4050,4,42.5,43.5
4051,4,42.5,44.0
4052,4,42.0,-8.5
4053,2,42.0,-8.0
4054,2,42.0,-7.5
4055,2,42.0,-7.0
4056,2,42.0,-6.5
4057,2,42.0,-6.0
4058,2,42.0,-5.5
4059,2,42.0,-5.0
4060,2,42.0,-4.5
4061,2,42.0,-4.0
4062,2,42.0,-3.5
4063,2,42.0,-3.0
4064,2,42.0,-2.5
4065,2,42.0,-2.0
4066,2,42.0,-1.5
4067,2,42.0,-1.0
4068,2,42.0,-0.5
4069,2,42.0,0.0
4070,2,42.0,0.5
4071,2,42.0,1.0
4072,2,42.0,1.5
4073,2,42.0,2.0
4074,2,42.0,2.5
4075,2,42.0,3.0
4076,2,42.0,9.0
4077,2,42.0,9.5
4078,4,42.0,12.0
4079,4,42.0,12.5
4080,2,42.0,13.0
4081,2,42.0,13.5
4082,2,42.0,14.0
4083,2,42.0,14.5
4084,4,42.0,15.0
4085,4,42.0,15.5
4086,4,42.0,16.0
4087,4,42.0,19.5
4088,4,42.0,20.0
4089,2,42.0,20.5
4090,4,42.0,21.0
4091,4,42.0,21.5
4092,4,42.0,22.0
4093,4,42.0,22.5
4094,4,42.0,23.0
4095,4,42.0,23.5
4096,4,42.0,24.0
4097,4,42.0,24.5
4098,4,42.0,25.0
4099,4,42.0,25.5
4100,4,42.0,26.0
4101,4,42.0,26.5
4102,4,42.0,27.0
4103,4,42.0,27.5
4104,4,42.0,28.0
4105,4,42.0,32.5
4106,4,42.0,33.0
4107,4,42.0,33.5
4108,4,42.0,34.0
4109,4,42.0,34.5
4110,4,42.0,35.0
4111,4,42.0,35.5
4112,4,42.0,41.5
4113,4,42.0,42.0
4114,4,42.0,42.5
4115,4,42.0,43.0
4116,4,42.0,43.5
4117,4,42.0,44.0
4118,4,41.5,-8.5
4119,4,41.5,-8.0
4120,4,41.5,-7.5
4121,4,41.5,-7.0
4122,2,41.5,-6.5
4123,2,41.5,-6.0
4124,2,41.5,-5.5
4125,2,41.5,-5.0
4126,2,41.5,-4.5
4127,2,41.5,-4.0
4128,2,41.5,-3.5
4129,2,41.5,-3.0
4130,2,41.5,-2.5
4131,2,41.5,-2.0
4132,2,41.5,-1.5
4133,2,41.5,-1.0
4134,2,41.5,-0.5
4135,2,41.5,0.0
4136,2,41.5,0.5
4137,2,41.5,1.0
4138,2,41.5,1.5
4139,2,41.5,2.0
4140,2,41.5,2.5
4141,2,41.5,3.0
4142,2,41.5,9.0
4143,4,41.5,9.5
4144,4,41.5,13.0
4145,2,41.5,13.5
4146,2,41.5,14.0
4147,2,41.5,14.5
4148,4,41.5,15.0
4149,4,41.5,15.5
4150,4,41.5,16.0
4151,4,41.5,19.5
4152,4,41.5,20.0
4153,4,41.5,20.5
4154,4,41.5,21.0
4155,4,41.5,21.5
4156,4,41.5,22.0
4157,4,41.5,22.5
4158,4,41.5,23.0
4159,4,41.5,23.5
4160,4,41.5,24.0
4161,4,41.5,24.5
4162,4,41.5,25.0
4163,4,41.5,25.5
4164,4,41.5,26.0
4165,4,41.5,26.5
4166,4,41.5,27.0
4167,4,41.5,27.5
4168,4,41.5,28.0
4169,4,41.5,32.0
4170,4,41.5,32.5
4171,4,41.5,33.0
4172,4,41.5,33.5
4173,4,41.5,34.0
4174,4,41.5,34.5
4175,4,41.5,35.0
4176,4,41.5,35.5
4177,4,41.5,36.0
4178,4,41.5,41.5
4179,4,41.5,42.0
4180,4,41.5,42.5
4181,4,41.5,43.0
4182,4,41.5,43.5
4183,4,41.5,44.0
4184,4,41.0,-8.5
4185,4,41.0,-8.0
4186,4,41.0,-7.5
4187,4,41.0,-7.0
4188,4,41.0,-6.5
4189,2,41.0,-6.0
4190,2,41.0,-5.5
4191,2,41.0,-5.0
4192,2,41.0,-4.5
4193,2,41.0,-4.0
4194,2,41.0,-3.5
4195,2,41.0,-3.0
4196,2,41.0,-2.5
4197,2,41.0,-2.0
4198,2,41.0,-1.5
4199,2,41.0,-1.0
4200,2,41.0,-0.5
4201,2,41.0,0.0
4202,2,41.0,0.5
4203,4,41.0,1.0
4204,4,41.0,1.5
4205,2,41.0,9.0
4206,4,41.0,9.5
4207,4,41.0,14.0
4208,4,41.0,14.5
4209,2,41.0,15.0
4210,4,41.0,15.5
4211,4,41.0,16.0
4212,4,41.0,16.5
4213,4,41.0,17.0
4214,4,41.0,19.5
4215,4,41.0,20.0
4216,4,41.0,20.5
4217,4,41.0,21.0
4218,4,41.0,21.5
4219,4,41.0,22.0
4220,4,41.0,22.5
4221,4,41.0,23.0
4222,4,41.0,23.5
4223,4,41.0,24.0
4224,4,41.0,24.5
4225,4,41.0,25.0
4226,4,41.0,25.5
4227,4,41.0,26.0
4228,4,41.0,26.5
4229,4,41.0,27.0
4230,4,41.0,27.5
4231,4,41.0,28.0
4232,4,41.0,28.5
4233,4,41.0,29.0
4234,4,41.0,29.5
4235,4,41.0,30.0
4236,4,41.0,30.5
4237,4,41.0,31.0
4238,4,41.0,31.5
4239,4,41.0,32.0
4240,4,41.0,32.5
4241,4,41.0,33.0
4242,4,41.0,33.5
4243,4,41.0,34.0
4244,4,41.0,34.5
4245,4,41.0,35.0
4246,4,41.0,35.5
4247,4,41.0,36.0
4248,4,41.0,36.5
4249,4,41.0,37.0
4250,4,41.0,37.5
4251,4,41.0,38.0
4252,4,41.0,38.5
4253,4,41.0,39.0
4254,4,41.0,39.5
4255,4,41.0,40.0
4256,4,41.0,40.5
4257,4,41.0,41.0
4258,4,41.0,41.5
4259,4,41.0,42.0
4260,4,41.0,42.5
4261,4,41.0,43.0
4262,4,41.0,43.5
4263,4,41.0,44.0
4264,4,40.5,-8.5
4265,4,40.5,-8.0
4266,4,40.5,-7.5
4267,4,40.5,-7.0
4268,4,40.5,-6.5
4269,4,40.5,-6.0
4270,2,40.5,-5.5
4271,2,40.5,-5.0
4272,2,40.5,-4.5
4273,4,40.5,-4.0
4274,4,40.5,-3.5
4275,4,40.5,-3.0
4276,2,40.5,-2.5
4277,2,40.5,-2.0
4278,2,40.5,-1.5
4279,2,40.5,-1.0
4280,2,40.5,-0.5
4281,2,40.5,0.0
4282,4,40.5,0.5
4283,4,40.5,8.5
4284,2,40.5,9.0
4285,4,40.5,9.5
4286,4,40.5,15.0
4287,4,40.5,15.5
4288,4,40.5,16.0
4289,4,40.5,16.5
4290,4,40.5,17.0
4291,4,40.5,17.5
4292,4,40.5,18.0
4293,4,40.5,18.5
4294,4,40.5,19.5
4295,4,40.5,20.0
4296,4,40.5,20.5
4297,4,40.5,21.0
4298,4,40.5,21.5
4299,4,40.5,22.0
4300,4,40.5,22.5
4301,4,40.5,23.0
4302,4,40.5,23.5
4303,4,40.5,24.0
4304,4,40.5,27.0
4305,4,40.5,27.5
4306,4,40.5,28.0
4307,4,40.5,28.5
4308,4,40.5,29.0
4309,4,40.5,29.5
4310,4,40.5,30.0
4311,4,40.5,30.5
4312,4,40.5,31.0
4313,4,40.5,31.5
4314,4,40.5,32.0
4315,4,40.5,32.5
4316,4,40.5,33.0
4317,4,40.5,33.5
4318,4,40.5,34.0
4319,4,40.5,34.5
4320,4,40.5,35.0
4321,4,40.5,35.5
4322,4,40.5,36.0
4323,4,40.5,36.5
4324,4,40.5,37.0
4325,4,40.5,37.5
4326,4,40.5,38.0
4327,4,40.5,38.5
4328,4,40.5,39.0
4329,4,40.5,39.5
4330,4,40.5,40.0
4331,4,40.5,40.5
4332,4,40.5,41.0
4333,4,40.5,41.5
4334,4,40.5,42.0
4335,4,40.5,42.5
4336,4,40.5,43.0
4337,4,40.5,43.5
4338,4,40.5,44.0
4339,4,40.0,-9.0
4340,4,40.0,-8.5
4341,4,40.0,-8.0
4342,4,40.0,-7.5
4343,4,40.0,-7.0
4344,4,40.0,-6.5
4345,4,40.0,-6.0
4346,4,40.0,-5.5
4347,4,40.0,-5.0
4348,4,40.0,-4.5
4349,4,40.0,-4.0
4350,4,40.0,-3.5
4351,4,40.0,-3.0
4352,4,40.0,-2.5
4353,2,40.0,-2.0
4354,2,40.0,-1.5
4355,2,40.0,-1.0
4356,4,40.0,-0.5
4357,4,40.0,0.0
4358,4,40.0,3.0
4359,4,40.0,8.5
4360,2,40.0,9.0
4361,4,40.0,9.5
4362,4,40.0,15.5
4363,4,40.0,16.0
4364,4,40.0,16.5
4365,4,40.0,18.5
4366,4,40.0,20.0
4367,4,40.0,20.5
4368,4,40.0,21.0
4369,4,40.0,21.5
4370,4,40.0,22.0
4371,4,40.0,22.5
4372,4,40.0,26.0
4373,4,40.0,26.5
4374,4,40.0,27.0
4375,4,40.0,27.5
4376,4,40.0,28.0
4377,4,40.0,28.5
4378,4,40.0,29.0
4379,4,40.0,29.5
4380,4,40.0,30.0
4381,4,40.0,30.5
4382,4,40.0,31.0
4383,4,40.0,31.5
4384,4,40.0,32.0
4385,4,40.0,32.5
4386,4,40.0,33.0
4387,4,40.0,33.5
4388,4,40.0,34.0
4389,4,40.0,34.5
4390,4,40.0,35.0
4391,4,40.0,35.5
4392,4,40.0,36.0
4393,4,40.0,36.5
4394,4,40.0,37.0
4395,4,40.0,37.5
4396,4,40.0,38.0
4397,4,40.0,38.5
4398,4,40.0,39.0
4399,4,40.0,39.5
4400,4,40.0,40.0
4401,4,40.0,40.5
4402,4,40.0,41.0
4403,4,40.0,41.5
4404,4,40.0,42.0
4405,4,40.0,42.5
4406,4,40.0,43.0
4407,4,40.0,43.5
4408,4,40.0,44.0
4409,4,39.5,-9.0
4410,4,39.5,-8.5
4411,4,39.5,-8.0
4412,4,39.5,-7.5
4413,4,39.5,-7.0
4414,4,39.5,-6.5
4415,4,39.5,-6.0
4416,4,39.5,-5.5
4417,4,39.5,-5.0
4418,4,39.5,-4.5
4419,4,39.5,-4.0
4420,4,39.5,-3.5
4421,4,39.5,-3.0
4422,4,39.5,-2.5
4423,4,39.5,-2.0
4424,4,39.5,-1.5
4425,4,39.5,-1.0
4426,4,39.5,-0.5
4427,4,39.5,2.5
4428,4,39.5,3.0
4429,4,39.5,3.5
4430,4,39.5,8.5
4431,4,39.5,9.0
4432,4,39.5,9.5
4433,4,39.5,15.5
4434,4,39.5,16.0
4435,4,39.5,16.5
4436,4,39.5,17.0
4437,4,39.5,20.0
4438,4,39.5,20.5
4439,4,39.5,21.0
4440,4,39.5,21.5
4441,4,39.5,22.0
4442,4,39.5,22.5
4443,4,39.5,23.0
4444,4,39.5,26.5
4445,4,39.5,27.0
4446,4,39.5,27.5
4447,4,39.5,28.0
4448,4,39.5,28.5
4449,4,39.5,29.0
4450,4,39.5,29.5
4451,4,39.5,30.0
4452,4,39.5,30.5
4453,4,39.5,31.0
4454,4,39.5,31.5
4455,4,39.5,32.0
4456,4,39.5,32.5
4457,4,39.5,33.0
4458,4,39.5,33.5
4459,4,39.5,34.0
4460,4,39.5,34.5
4461,4,39.5,35.0
4462,4,39.5,35.5
4463,4,39.5,36.0
4464,4,39.5,36.5
4465,4,39.5,37.0
4466,4,39.5,37.5
4467,4,39.5,38.0
4468,4,39.5,38.5
4469,4,39.5,39.0
4470,4,39.5,39.5
4471,4,39.5,40.0
4472,4,39.5,40.5
4473,4,39.5,41.0
4474,4,39.5,41.5
4475,4,39.5,42.0
4476,4,39.5,42.5
4477,4,39.5,43.0
4478,4,39.5,43.5
4479,4,39.5,44.0
4480,4,39.0,-9.0
4481,4,39.0,-8.5
4482,4,39.0,-8.0
4483,4,39.0,-7.5
4484,4,39.0,-7.0
4485,4,39.0,-6.5
4486,4,39.0,-6.0
4487,4,39.0,-5.5
4488,4,39.0,-5.0
4489,4,39.0,-4.5
4490,4,39.0,-4.0
4491,4,39.0,-3.5
4492,4,39.0,-3.0
4493,4,39.0,-2.5
4494,4,39.0,-2.0
4495,4,39.0,-1.5
4496,4,39.0,-1.0
4497,4,39.0,-0.5
4498,4,39.0,1.5
4499,4,39.0,8.5
4500,4,39.0,9.0
4501,4,39.0,9.5
4502,4,39.0,16.5
4503,4,39.0,17.0
4504,4,39.0,20.5
4505,4,39.0,21.0
4506,4,39.0,21.5
4507,4,39.0,22.0
4508,4,39.0,22.5
4509,4,39.0,23.0
4510,4,39.0,23.5
4511,4,39.0,26.0
4512,4,39.0,26.5
4513,4,39.0,27.0
4514,4,39.0,27.5
4515,4,39.0,28.0
4516,4,39.0,28.5
4517,4,39.0,29.0
4518,4,39.0,29.5
4519,4,39.0,30.0
4520,4,39.0,30.5
4521,4,39.0,31.0
4522,4,39.0,31.5
4523,4,39.0,32.0
4524,4,39.0,32.5
4525,4,39.0,33.0
4526,4,39.0,33.5
4527,4,39.0,34.0
4528,4,39.0,34.5
4529,4,39.0,35.0
4530,4,39.0,35.5
4531,4,39.0,36.0
4532,4,39.0,36.5
4533,4,39.0,37.0
4534,4,39.0,37.5
4535,4,39.0,38.0
4536,4,39.0,38.5
4537,4,39.0,39.0
4538,4,39.0,39.5
4539,4,39.0,40.0
4540,4,39.0,40.5
4541,4,39.0,41.0
4542,4,39.0,41.5
4543,4,39.0,42.0
4544,4,39.0,42.5
4545,4,39.0,43.0
4546,4,39.0,43.5
4547,4,39.0,44.0
4548,4,38.5,-9.0
4549,4,38.5,-8.5
4550,4,38.5,-8.0
4551,4,38.5,-7.5
4552,4,38.5,-7.0
4553,4,38.5,-6.5
4554,4,38.5,-6.0
4555,4,38.5,-5.5
4556,4,38.5,-5.0
4557,4,38.5,-4.5
4558,4,38.5,-4.0
4559,4,38.5,-3.5
4560,4,38.5,-3.0
4561,4,38.5,-2.5
4562,4,38.5,-2.0
4563,4,38.5,-1.5
4564,4,38.5,-1.0
4565,4,38.5,-0.5
4566,4,38.5,0.0
4567,4,38.5,16.0
4568,4,38.5,16.5
4569,4,38.5,21.0
4570,4,38.5,21.5
4571,4,38.5,22.0
4572,4,38.5,22.5
4573,4,38.5,23.0
4574,4,38.5,23.5
4575,4,38.5,24.0
4576,4,38.5,26.0
4577,4,38.5,26.5
4578,4,38.5,27.0
4579,4,38.5,27.5
4580,4,38.5,28.0
4581,4,38.5,28.5
4582,4,38.5,29.0
4583,4,38.5,29.5
4584,4,38.5,30.0
4585,4,38.5,30.5
4586,4,38.5,31.0
4587,4,38.5,31.5
4588,4,38.5,32.0
4589,4,38.5,32.5
4590,4,38.5,33.0
4591,4,38.5,33.5
4592,4,38.5,34.0
4593,4,38.5,34.5
4594,4,38.5,35.0
4595,4,38.5,35.5
4596,4,38.5,36.0
4597,4,38.5,36.5
4598,4,38.5,37.0
4599,4,38.5,37.5
4600,4,38.5,38.0
4601,4,38.5,38.5
4602,4,38.5,39.0
4603,4,38.5,39.5
4604,4,38.5,40.0
4605,4,38.5,40.5
4606,4,38.5,41.0
4607,4,38.5,41.5
4608,4,38.5,42.0
4609,4,38.5,42.5
4610,4,38.5,43.0
4611,4,38.5,43.5
4612,4,38.5,44.0
4613,4,38.0,-8.5
4614,4,38.0,-8.0
4615,4,38.0,-7.5
4616,4,38.0,-7.0
4617,4,38.0,-6.5
4618,4,38.0,-6.0
4619,4,38.0,-5.5
4620,4,38.0,-5.0
4621,4,38.0,-4.5
4622,4,38.0,-4.0
4623,4,38.0,-3.5
4624,4,38.0,-3.0
4625,4,38.0,-2.5
4626,4,38.0,-2.0
4627,4,38.0,-1.5
4628,4,38.0,-1.0
4629,4,38.0,-0.5
4630,4,38.0,12.5
4631,4,38.0,13.0
4632,4,38.0,13.5
4633,4,38.0,14.0
4634,4,38.0,14.5
4635,4,38.0,15.0
4636,4,38.0,15.5
4637,4,38.0,16.0
4638,4,38.0,21.5
4639,4,38.0,22.0
4640,4,38.0,22.5
4641,4,38.0,23.0
4642,4,38.0,23.5
4643,4,38.0,24.0
4644,4,38.0,24.5
4645,4,38.0,27.0
4646,4,38.0,27.5
4647,4,38.0,28.0
4648,4,38.0,28.5
4649,4,38.0,29.0
4650,4,38.0,29.5
4651,4,38.0,30.0
4652,4,38.0,30.5
4653,4,38.0,31.0
4654,4,38.0,31.5
4655,4,38.0,32.0
4656,4,38.0,32.5
4657,4,38.0,33.0
4658,4,38.0,33.5
4659,4,38.0,34.0
4660,4,38.0,34.5
4661,4,38.0,35.0
4662,4,38.0,35.5
4663,4,38.0,36.0
4664,4,38.0,36.5
4665,4,38.0,37.0
4666,4,38.0,37.5
4667,4,38.0,38.0
4668,4,38.0,38.5
4669,4,38.0,39.0
4670,4,38.0,39.5
4671,4,38.0,40.0
4672,4,38.0,40.5
4673,4,38.0,41.0
4674,4,38.0,41.5
4675,4,38.0,42.0
4676,4,38.0,42.5
4677,4,38.0,43.0
4678,4,38.0,43.5
4679,4,38.0,44.0
4680,4,37.5,-8.5
4681,4,37.5,-8.0
4682,4,37.5,-7.5
4683,4,37.5,-7.0
4684,4,37.5,-6.5
4685,4,37.5,-6.0
4686,4,37.5,-5.5
4687,4,37.5,-5.0
4688,4,37.5,-4.5
4689,4,37.5,-4.0
4690,4,37.5,-3.5
4691,4,37.5,-3.0
4692,4,37.5,-2.5
4693,4,37.5,-2.0
4694,4,37.5,-1.5
4695,4,37.5,9.5
4696,4,37.5,13.5
4697,4,37.5,14.0
4698,4,37.5,14.5
4699,4,37.5,15.0
4700,4,37.5,21.5
4701,4,37.5,22.0
4702,4,37.5,22.5
4703,4,37.5,23.0
4704,4,37.5,23.5
4705,4,37.5,27.5
4706,4,37.5,28.0
4707,4,37.5,28.5
4708,4,37.5,29.0
4709,4,37.5,29.5
4710,4,37.5,30.0
4711,4,37.5,30.5
4712,4,37.5,31.0
4713,4,37.5,31.5
4714,4,37.5,32.0
4715,4,37.5,32.5
4716,4,37.5,33.0
4717,4,37.5,33.5
4718,4,37.5,34.0
4719,4,37.5,34.5
4720,4,37.5,35.0
4721,4,37.5,35.5
4722,4,37.5,36.0
4723,4,37.5,36.5
4724,4,37.5,37.0
4725,4,37.5,37.5
4726,4,37.5,38.0
4727,4,37.5,38.5
4728,4,37.5,39.0
4729,4,37.5,39.5
4730,4,37.5,40.0
4731,4,37.5,40.5
4732,4,37.5,41.0
4733,4,37.5,41.5
4734,4,37.5,42.0
4735,4,37.5,42.5
4736,4,37.5,43.0
4737,4,37.5,43.5
4738,4,37.5,44.0
4739,4,37.0,-8.5
4740,4,37.0,-8.0
4741,4,37.0,-7.5
4742,4,37.0,-7.0
4743,4,37.0,-6.5
4744,4,37.0,-6.0
4745,4,37.0,-5.5
4746,4,37.0,-5.0
4747,4,37.0,-4.5
4748,4,37.0,-4.0
4749,4,37.0,-3.5
4750,4,37.0,-3.0
4751,4,37.0,-2.5
4752,4,37.0,-2.0
4753,4,37.0,6.5
4754,4,37.0,7.5
4755,4,37.0,9.0
4756,4,37.0,9.5
4757,4,37.0,10.0
4758,4,37.0,11.0
4759,4,37.0,14.0
4760,4,37.0,14.5
4761,4,37.0,15.0
4762,4,37.0,21.5
4763,4,37.0,22.0
4764,4,37.0,22.5
4765,4,37.0,23.0
4766,4,37.0,28.0
4767,4,37.0,28.5
4768,4,37.0,29.0
4769,4,37.0,29.5
4770,4,37.0,30.0
4771,4,37.0,30.5
4772,4,37.0,31.0
4773,4,37.0,31.5
4774,4,37.0,32.0
4775,4,37.0,32.5
4776,4,37.0,33.0
4777,4,37.0,33.5
4778,4,37.0,34.0
4779,4,37.0,34.5
4780,4,37.0,35.0
4781,4,37.0,35.5
4782,4,37.0,36.0
4783,4,37.0,36.5
4784,4,37.0,37.0
4785,4,37.0,37.5
4786,4,37.0,38.0
4787,4,37.0,38.5
4788,4,37.0,39.0
4789,4,37.0,39.5
4790,4,37.0,40.0
4791,4,37.0,40.5
4792,4,37.0,41.0
4793,4,37.0,41.5
4794,4,37.0,42.0
4795,4,37.0,42.5
4796,4,37.0,43.0
4797,4,37.0,43.5
4798,4,37.0,44.0
4799,4,36.5,-6.0
4800,4,36.5,-5.5
4801,4,36.5,-5.0
4802,4,36.5,-4.5
4803,4,36.5,1.0
4804,4,36.5,1.5
4805,4,36.5,2.0
4806,4,36.5,2.5
4807,4,36.5,3.0
4808,4,36.5,3.5
4809,4,36.5,4.0
4810,4,36.5,4.5
4811,4,36.5,5.0
4812,4,36.5,5.5
4813,4,36.5,6.0
4814,4,36.5,6.5
4815,4,36.5,7.0
4816,4,36.5,7.5
4817,4,36.5,8.0
4818,4,36.5,8.5
4819,4,36.5,9.0
4820,4,36.5,9.5
4821,4,36.5,10.0
4822,4,36.5,10.5
4823,4,36.5,23.0
4824,4,36.5,29.0
4825,4,36.5,29.5
4826,4,36.5,30.0
4827,4,36.5,30.5
4828,4,36.5,32.0
4829,4,36.5,32.5
4830,4,36.5,33.0
4831,4,36.5,33.5
4832,4,36.5,34.0
4833,4,36.5,35.5
4834,4,36.5,36.0
4835,4,36.5,36.5
4836,4,36.5,37.0
4837,4,36.5,37.5
4838,4,36.5,38.0
4839,4,36.5,38.5
4840,4,36.5,39.0
4841,4,36.5,39.5
4842,4,36.5,40.0
4843,4,36.5,40.5
4844,4,36.5,41.0
4845,4,36.5,41.5
4846,4,36.5,42.0
4847,4,36.5,42.5
4848,4,36.5,43.0
4849,4,36.5,43.5
4850,4,36.5,44.0
4851,4,36.0,-5.5
4852,4,36.0,-0.5
4853,4,36.0,0.0
4854,4,36.0,0.5
4855,4,36.0,1.0
4856,4,36.0,1.5
4857,4,36.0,2.0
4858,4,36.0,2.5
4859,4,36.0,3.0
4860,4,36.0,3.5
4861,4,36.0,4.0
4862,4,36.0,4.5
4863,4,36.0,5.0
4864,4,36.0,5.5
4865,4,36.0,6.0
4866,4,36.0,6.5
4867,4,36.0,7.0
4868,4,36.0,7.5
4869,4,36.0,8.0
4870,4,36.0,8.5
4871,4,36.0,9.0
4872,4,36.0,9.5
4873,4,36.0,10.0
4874,4,36.0,10.5
4875,4,36.0,28.0
4876,4,36.0,32.5
4877,4,36.0,33.0
4878,4,36.0,36.0
4879,4,36.0,36.5
4880,4,36.0,37.0
4881,4,36.0,37.5
4882,4,36.0,38.0
4883,4,36.0,38.5
4884,4,36.0,39.0
4885,4,36.0,39.5
4886,4,36.0,40.0
4887,4,36.0,40.5
4888,4,36.0,41.0
4889,4,36.0,41.5
4890,4,36.0,42.0
4891,4,36.0,42.5
4892,4,36.0,43.0
4893,4,36.0,43.5
4894,4,36.0,44.0
4895,4,35.5,-6.0
4896,4,35.5,-5.5
4897,4,35.5,-5.0
4898,4,35.5,-3.0
4899,4,35.5,-1.0
4900,4,35.5,-0.5
4901,4,35.5,0.0
4902,4,35.5,0.5
4903,4,35.5,1.0
4904,4,35.5,1.5
4905,4,35.5,2.0
4906,4,35.5,2.5
4907,4,35.5,3.0
4908,4,35.5,3.5
4909,4,35.5,4.0
4910,4,35.5,4.5
4911,4,35.5,5.0
4912,4,35.5,5.5
4913,4,35.5,6.0
4914,4,35.5,6.5
4915,4,35.5,7.0
4916,4,35.5,7.5
4917,4,35.5,8.0
4918,4,35.5,8.5
4919,4,35.5,9.0
4920,4,35.5,9.5
4921,4,35.5,10.0
4922,4,35.5,10.5
4923,4,35.5,11.0
4924,4,35.5,23.5
4925,4,35.5,24.0
4926,4,35.5,24.5
4927,4,35.5,25.0
4928,4,35.5,25.5
4929,4,35.5,33.0
4930,4,35.5,33.5
4931,4,35.5,36.0
4932,4,35.5,36.5
4933,4,35.5,37.0
4934,4,35.5,37.5
4935,4,35.5,38.0
4936,4,35.5,38.5
4937,4,35.5,39.0
4938,4,35.5,39.5
4939,4,35.5,40.0
4940,4,35.5,40.5
4941,4,35.5,41.0
4942,4,35.5,41.5
4943,4,35.5,42.0
4944,4,35.5,42.5
4945,4,35.5,43.0
4946,4,35.5,43.5
4947,4,35.5,44.0
4948,4,35.0,-6.0
4949,4,35.0,-5.5
4950,4,35.0,-5.0
4951,4,35.0,-4.5
4952,4,35.0,-4.0
4953,4,35.0,-3.5
4954,4,35.0,-3.0
4955,4,35.0,-2.5
4956,4,35.0,-2.0
4957,4,35.0,-1.5
4958,4,35.0,-1.0
4959,4,35.0,-0.5
4960,4,35.0,0.0
4961,4,35.0,0.5
4962,4,35.0,1.0
4963,4,35.0,1.5
4964,4,35.0,2.0
4965,4,35.0,2.5
4966,4,35.0,3.0
4967,4,35.0,3.5
4968,4,35.0,4.0
4969,4,35.0,4.5
4970,4,35.0,5.0
4971,4,35.0,5.5
4972,4,35.0,6.0
4973,4,35.0,6.5
4974,4,35.0,7.0
4975,4,35.0,7.5
4976,4,35.0,8.0
4977,4,35.0,8.5
4978,4,35.0,9.0
4979,4,35.0,9.5
4980,4,35.0,10.0
4981,4,35.0,10.5
4982,4,35.0,11.0
4983,4,35.0,23.5
4984,4,35.0,24.0
4985,4,35.0,24.5
4986,4,35.0,25.0
4987,4,35.0,25.5
4988,4,35.0,32.5
4989,4,35.0,33.0
4990,4,35.0,33.5
4991,4,35.0,36.0
4992,4,35.0,36.5
4993,4,35.0,37.0
4994,4,35.0,37.5
4995,4,35.0,38.0
4996,4,35.0,38.5
4997,4,35.0,39.0
4998,4,35.0,39.5
4999,4,35.0,40.0
5000,4,35.0,40.5
5001,4,35.0,41.0
5002,4,35.0,41.5
5003,4,35.0,42.0
5004,4,35.0,42.5
5005,4,35.0,43.0
5006,4,35.0,43.5
5007,4,35.0,44.0
5008,4,34.5,-6.5
5009,4,34.5,-6.0
5010,4,34.5,-5.5
5011,4,34.5,-5.0
5012,4,34.5,-4.5
5013,4,34.5,-4.0
5014,4,34.5,-3.5
5015,4,34.5,-3.0
5016,4,34.5,-2.5
5017,4,34.5,-2.0
5018,4,34.5,-1.5
5019,4,34.5,-1.0
5020,4,34.5,-0.5
5021,4,34.5,0.0
5022,4,34.5,0.5
5023,4,34.5,1.0
5024,4,34.5,1.5
5025,4,34.5,2.0
5026,4,34.5,2.5
5027,4,34.5,3.0
5028,4,34.5,3.5
5029,4,34.5,4.0
5030,4,34.5,4.5
5031,4,34.5,5.0
5032,4,34.5,5.5
5033,4,34.5,6.0
5034,4,34.5,6.5
5035,4,34.5,7.0
5036,4,34.5,7.5
5037,4,34.5,8.0
5038,4,34.5,8.5
5039,4,34.5,9.0
5040,4,34.5,9.5
5041,4,34.5,10.0
5042,4,34.5,10.5
5043,4,34.5,33.0
5044,4,34.5,36.0
5045,4,34.5,36.5
5046,4,34.5,37.0
5047,4,34.5,37.5
5048,4,34.5,38.0
5049,4,34.5,38.5
5050,4,34.5,39.0
5051,4,34.5,39.5
5052,4,34.5,40.0
5053,4,34.5,40.5
5054,4,34.5,41.0
5055,4,34.5,41.5
5056,4,34.5,42.0
5057,4,34.5,42.5
5058,4,34.5,43.0
5059,4,34.5,43.5
5060,4,34.5,44.0
5061,4,34.0,-7.0
5062,4,34.0,-6.5
5063,4,34.0,-6.0
5064,4,34.0,-5.5
5065,4,34.0,-5.0
5066,4,34.0,-4.5
5067,4,34.0,-4.0
5068,4,34.0,-3.5
5069,4,34.0,-3.0
5070,4,34.0,-2.5
5071,4,34.0,-2.0
5072,4,34.0,-1.5
5073,4,34.0,-1.0
5074,4,34.0,-0.5
5075,4,34.0,0.0
5076,4,34.0,0.5
5077,4,34.0,1.0
5078,4,34.0,1.5
5079,4,34.0,2.0
5080,4,34.0,2.5
5081,4,34.0,3.0
5082,4,34.0,3.5
5083,4,34.0,4.0
5084,4,34.0,4.5
5085,4,34.0,5.0
5086,4,34.0,5.5
5087,4,34.0,6.0
5088,4,34.0,6.5
5089,4,34.0,7.0
5090,4,34.0,7.5
5091,4,34.0,8.0
5092,4,34.0,8.5
5093,4,34.0,9.0
5094,4,34.0,9.5
5095,4,34.0,10.0
5096,4,34.0,11.0
5097,4,34.0,35.5
5098,4,34.0,36.0
5099,4,34.0,36.5
5100,4,34.0,37.0
5101,4,34.0,37.5
5102,4,34.0,38.0
5103,4,34.0,38.5
5104,4,34.0,39.0
5105,4,34.0,39.5
5106,4,34.0,40.0
5107,4,34.0,40.5
5108,4,34.0,41.0
5109,4,34.0,41.5
5110,4,34.0,42.0
5111,4,34.0,42.5
5112,4,34.0,43.0
5113,4,34.0,43.5
5114,4,34.0,44.0
5115,4,33.5,-8.0
5116,4,33.5,-7.5
5117,4,33.5,-7.0
5118,4,33.5,-6.5
5119,4,33.5,-6.0
5120,4,33.5,-5.5
5121,4,33.5,-5.0
5122,4,33.5,-4.5
5123,4,33.5,-4.0
5124,4,33.5,-3.5
5125,4,33.5,-3.0
5126,4,33.5,-2.5
5127,4,33.5,-2.0
5128,4,33.5,-1.5
5129,4,33.5,-1.0
5130,4,33.5,-0.5
5131,4,33.5,0.0
5132,4,33.5,0.5
5133,4,33.5,1.0
5134,4,33.5,1.5
5135,4,33.5,2.0
5136,4,33.5,2.5
5137,4,33.5,3.0
5138,4,33.5,3.5
5139,4,33.5,4.0
5140,4,33.5,4.5
5141,4,33.5,5.0
5142,4,33.5,5.5
5143,4,33.5,6.0
5144,4,33.5,6.5
5145,4,33.5,7.0
5146,4,33.5,7.5
5147,4,33.5,8.0
5148,4,33.5,8.5
5149,4,33.5,9.0
5150,4,33.5,9.5
5151,4,33.5,10.0
5152,4,33.5,10.5
5153,4,33.5,11.0
5154,4,33.5,35.5
5155,4,33.5,36.0
5156,4,33.5,36.5
5157,4,33.5,37.0
5158,4,33.5,37.5
5159,4,33.5,38.0
5160,4,33.5,38.5
5161,4,33.5,39.0
5162,4,33.5,39.5
5163,4,33.5,40.0
5164,4,33.5,40.5
5165,4,33.5,41.0
5166,4,33.5,41.5
5167,4,33.5,42.0
5168,4,33.5,42.5
5169,4,33.5,43.0
5170,4,33.5,43.5
5171,4,33.5,44.0
5172,4,33.0,-8.5
5173,4,33.0,-8.0
5174,4,33.0,-7.5
5175,4,33.0,-7.0
5176,4,33.0,-6.5
5177,4,33.0,-6.0
5178,4,33.0,-5.5
5179,4,33.0,-5.0
5180,4,33.0,-4.5
5181,4,33.0,-4.0
5182,4,33.0,-3.5
5183,4,33.0,-3.0
5184,4,33.0,-2.5
5185,4,33.0,-2.0
5186,4,33.0,-1.5
5187,4,33.0,-1.0
5188,4,33.0,-0.5
5189,4,33.0,0.0
5190,4,33.0,0.5
5191,4,33.0,1.0
5192,4,33.0,1.5
5193,4,33.0,2.0
5194,4,33.0,2.5
5195,4,33.0,3.0
5196,4,33.0,3.5
5197,4,33.0,4.0
5198,4,33.0,4.5
5199,4,33.0,5.0
5200,4,33.0,5.5
5201,4,33.0,6.0
5202,4,33.0,6.5
5203,4,33.0,7.0
5204,4,33.0,7.5
5205,4,33.0,8.0
5206,4,33.0,8.5
5207,4,33.0,9.0
5208,4,33.0,9.5
5209,4,33.0,10.0
5210,4,33.0,10.5
5211,4,33.0,11.0
5212,4,33.0,11.5
5213,4,33.0,12.0
5214,4,33.0,12.5
5215,4,33.0,13.0
5216,4,33.0,13.5
5217,4,33.0,21.0
5218,4,33.0,21.5
5219,4,33.0,22.0
5220,4,33.0,22.5
5221,4,33.0,35.0
5222,4,33.0,35.5
5223,4,33.0,36.0
5224,4,33.0,36.5
5225,4,33.0,37.0
5226,4,33.0,37.5
5227,4,33.0,38.0
5228,4,33.0,38.5
5229,4,33.0,39.0
5230,4,33.0,39.5
5231,4,33.0,40.0
5232,4,33.0,40.5
5233,4,33.0,41.0
5234,4,33.0,41.5
5235,4,33.0,42.0
5236,4,33.0,42.5
5237,4,33.0,43.0
5238,4,33.0,43.5
5239,4,33.0,44.0
5240,4,32.5,-9.0
5241,4,32.5,-8.5
5242,4,32.5,-8.0
5243,4,32.5,-7.5
5244,4,32.5,-7.0
5245,4,32.5,-6.5
5246,4,32.5,-6.0
5247,4,32.5,-5.5
5248,4,32.5,-5.0
5249,4,32.5,-4.5
5250,4,32.5,-4.0
5251,4,32.5,-3.5
5252,4,32.5,-3.0
5253,4,32.5,-2.5
5254,4,32.5,-2.0
5255,4,32.5,-1.5
5256,4,32.5,-1.0
5257,4,32.5,-0.5
5258,4,32.5,0.0
5259,4,32.5,0.5
5260,4,32.5,1.0
5261,4,32.5,1.5
5262,4,32.5,2.0
5263,4,32.5,2.5
5264,4,32.5,3.0
5265,4,32.5,3.5
5266,4,32.5,4.0
5267,4,32.5,4.5
5268,4,32.5,5.0
5269,4,32.5,5.5
5270,4,32.5,6.0
5271,4,32.5,6.5
5272,4,32.5,7.0
5273,4,32.5,7.5
5274,4,32.5,8.0
5275,4,32.5,8.5
5276,4,32.5,9.0
5277,4,32.5,9.5
5278,4,32.5,10.0
5279,4,32.5,10.5
5280,4,32.5,11.0
5281,4,32.5,11.5
5282,4,32.5,12.0
5283,4,32.5,12.5
5284,4,32.5,13.0
5285,4,32.5,13.5
5286,4,32.5,14.0
5287,4,32.5,14.5
5288,4,32.5,20.5
5289,4,32.5,21.0
5290,4,32.5,21.5
5291,4,32.5,22.0
5292,4,32.5,22.5
5293,4,32.5,23.0
5294,4,32.5,35.0
5295,4,32.5,35.5
5296,4,32.5,36.0
5297,4,32.5,36.5
5298,4,32.5,37.0
5299,4,32.5,37.5
5300,4,32.5,38.0
5301,4,32.5,38.5
5302,4,32.5,39.0
5303,4,32.5,39.5
5304,4,32.5,40.0
5305,4,32.5,40.5
5306,4,32.5,41.0
5307,4,32.5,41.5
5308,4,32.5,42.0
5309,4,32.5,42.5
5310,4,32.5,43.0
5311,4,32.5,43.5
5312,4,32.5,44.0
5313,4,32.0,-9.5
5314,4,32.0,-9.0
5315,4,32.0,-8.5
5316,4,32.0,-8.0
5317,4,32.0,-7.5
5318,4,32.0,-7.0
5319,4,32.0,-6.5
5320,4,32.0,-6.0
5321,4,32.0,-5.5
5322,4,32.0,-5.0
5323,4,32.0,-4.5
5324,4,32.0,-4.0
5325,4,32.0,-3.5
5326,4,32.0,-3.0
5327,4,32.0,-2.5
5328,4,32.0,-2.0
5329,4,32.0,-1.5
5330,4,32.0,-1.0
5331,4,32.0,-0.5
5332,4,32.0,0.0
5333,4,32.0,0.5
5334,4,32.0,1.0
5335,4,32.0,1.5
5336,4,32.0,2.0
5337,4,32.0,2.5
5338,4,32.0,3.0
5339,4,32.0,3.5
5340,4,32.0,4.0
5341,4,32.0,4.5
5342,4,32.0,5.0
5343,4,32.0,5.5
5344,4,32.0,6.0
5345,4,32.0,6.5
5346,4,32.0,7.0
5347,4,32.0,7.5
5348,4,32.0,8.0
5349,4,32.0,8.5
5350,4,32.0,9.0
5351,4,32.0,9.5
5352,4,32.0,10.0
5353,4,32.0,10.5
5354,4,32.0,11.0
5355,4,32.0,11.5
5356,4,32.0,12.0
5357,4,32.0,12.5
5358,4,32.0,13.0
5359,4,32.0,13.5
5360,4,32.0,14.0
5361,4,32.0,14.5
5362,4,32.0,15.0
5363,4,32.0,15.5
5364,4,32.0,20.0
5365,4,32.0,20.5
5366,4,32.0,21.0
5367,4,32.0,21.5
5368,4,32.0,22.0
5369,4,32.0,22.5
5370,4,32.0,23.0
5371,4,32.0,23.5
5372,4,32.0,24.0
5373,4,32.0,24.5
5374,4,32.0,25.0
5375,4,32.0,35.0
5376,4,32.0,35.5
5377,4,32.0,36.0
5378,4,32.0,36.5
5379,4,32.0,37.0
5380,4,32.0,37.5
5381,4,32.0,38.0
5382,4,32.0,38.5
5383,4,32.0,39.0
5384,4,32.0,39.5
5385,4,32.0,40.0
5386,4,32.0,40.5
5387,4,32.0,41.0
5388,4,32.0,41.5
5389,4,32.0,42.0
5390,4,32.0,42.5
5391,4,32.0,43.0
5392,4,32.0,43.5
5393,4,32.0,44.0
5394,4,31.5,-9.5
5395,4,31.5,-9.0
5396,4,31.5,-8.5
5397,4,31.5,-8.0
5398,4,31.5,-7.5
5399,4,31.5,-7.0
5400,4,31.5,-6.5
5401,4,31.5,-6.0
5402,4,31.5,-5.5
5403,4,31.5,-5.0
5404,4,31.5,-4.5
5405,4,31.5,-4.0
5406,4,31.5,-3.5
5407,4,31.5,-3.0
5408,4,31.5,-2.5
5409,4,31.5,-2.0
5410,4,31.5,-1.5
5411,4,31.5,-1.0
5412,4,31.5,-0.5
5413,4,31.5,0.0
5414,4,31.5,0.5
5415,4,31.5,1.0
5416,4,31.5,1.5
5417,4,31.5,2.0
5418,4,31.5,2.5
5419,4,31.5,3.0
5420,4,31.5,3.5
5421,4,31.5,4.0
5422,4,31.5,4.5
5423,4,31.5,5.0
5424,4,31.5,5.5
5425,4,31.5,6.0
5426,4,31.5,6.5
5427,4,31.5,7.0
5428,4,31.5,7.5
5429,4,31.5,8.0
5430,4,31.5,8.5
5431,4,31.5,9.0
5432,4,31.5,9.5
5433,4,31.5,10.0
5434,4,31.5,10.5
5435,4,31.5,11.0
5436,4,31.5,11.5
5437,4,31.5,12.0
5438,4,31.5,12.5
5439,4,31.5,13.0
5440,4,31.5,13.5
5441,4,31.5,14.0
5442,4,31.5,14.5
5443,4,31.5,15.0
5444,4,31.5,15.5
5445,4,31.5,20.0
5446,4,31.5,20.5
5447,4,31.5,21.0
5448,4,31.5,21.5
5449,4,31.5,22.0
5450,4,31.5,22.5
5451,4,31.5,23.0
5452,4,31.5,23.5
5453,4,31.5,24.0
5454,4,31.5,24.5
5455,4,31.5,25.0
5456,4,31.5,25.5
5457,4,31.5,26.0
5458,4,31.5,26.5
5459,4,31.5,27.0
5460,4,31.5,27.5
5461,4,31.5,30.5
5462,4,31.5,31.0
5463,4,31.5,31.5
5464,4,31.5,34.0
5465,4,31.5,34.5
5466,4,31.5,35.0
5467,4,31.5,35.5
5468,4,31.5,36.0
5469,4,31.5,36.5
5470,4,31.5,37.0
5471,4,31.5,37.5
5472,4,31.5,38.0
5473,4,31.5,38.5
5474,4,31.5,39.0
5475,4,31.5,39.5
5476,4,31.5,40.0
5477,4,31.5,40.5
5478,4,31.5,41.0
5479,4,31.5,41.5
5480,4,31.5,42.0
5481,4,31.5,42.5
5482,4,31.5,43.0
5483,4,31.5,43.5
5484,4,31.5,44.0
5485,4,31.0,-9.5
5486,4,31.0,-9.0
5487,4,31.0,-8.5
5488,4,31.0,-8.0
5489,4,31.0,-7.5
5490,4,31.0,-7.0
5491,4,31.0,-6.5
5492,4,31.0,-6.0
5493,4,31.0,-5.5
5494,4,31.0,-5.0
5495,4,31.0,-4.5
5496,4,31.0,-4.0
5497,4,31.0,-3.5
5498,4,31.0,-3.0
5499,4,31.0,-2.5
5500,4,31.0,-2.0
5501,4,31.0,-1.5
5502,4,31.0,-1.0
5503,4,31.0,-0.5
5504,4,31.0,0.0
5505,4,31.0,0.5
5506,4,31.0,1.0
5507,4,31.0,1.5
5508,4,31.0,2.0
5509,4,31.0,2.5
5510,4,31.0,3.0
5511,4,31.0,3.5
5512,4,31.0,4.0
5513,4,31.0,4.5
5514,4,31.0,5.0
5515,4,31.0,5.5
5516,4,31.0,6.0
5517,4,31.0,6.5
5518,4,31.0,7.0
5519,4,31.0,7.5
5520,4,31.0,8.0
5521,4,31.0,8.5
5522,4,31.0,9.0
5523,4,31.0,9.5
5524,4,31.0,10.0
5525,4,31.0,10.5
5526,4,31.0,11.0
5527,4,31.0,11.5
5528,4,31.0,12.0
5529,4,31.0,12.5
5530,4,31.0,13.0
5531,4,31.0,13.5
5532,4,31.0,14.0
5533,4,31.0,14.5
5534,4,31.0,15.0
5535,4,31.0,15.5
5536,4,31.0,16.0
5537,4,31.0,16.5
5538,4,31.0,17.0
5539,4,31.0,17.5
5540,4,31.0,20.0
5541,4,31.0,20.5
5542,4,31.0,21.0
5543,4,31.0,21.5
5544,4,31.0,22.0
5545,4,31.0,22.5
5546,4,31.0,23.0
5547,4,31.0,23.5
5548,4,31.0,24.0
5549,4,31.0,24.5
5550,4,31.0,25.0
5551,4,31.0,25.5
5552,4,31.0,26.0
5553,4,31.0,26.5
5554,4,31.0,27.0
5555,4,31.0,27.5
5556,4,31.0,28.0
5557,4,31.0,28.5
5558,4,31.0,29.0
5559,4,31.0,29.5
5560,4,31.0,30.0
5561,4,31.0,30.5
5562,4,31.0,31.0
5563,4,31.0,31.5
5564,4,31.0,32.0
5565,4,31.0,32.5
5566,4,31.0,33.0
5567,4,31.0,33.5
5568,4,31.0,34.0
5569,4,31.0,34.5
5570,4,31.0,35.0
5571,4,31.0,35.5
5572,4,31.0,36.0
5573,4,31.0,36.5
5574,4,31.0,37.0
5575,4,31.0,37.5
5576,4,31.0,38.0
5577,4,31.0,38.5
5578,4,31.0,39.0
5579,4,31.0,39.5
5580,4,31.0,40.0
5581,4,31.0,40.5
5582,4,31.0,41.0
5583,4,31.0,41.5
5584,4,31.0,42.0
5585,4,31.0,42.5
5586,4,31.0,43.0
5587,4,31.0,43.5
5588,4,31.0,44.0
5589,4,30.5,-9.5
5590,4,30.5,-9.0
5591,4,30.5,-8.5
5592,4,30.5,-8.0
5593,4,30.5,-7.5
5594,4,30.5,-7.0
5595,4,30.5,-6.5
5596,4,30.5,-6.0
5597,4,30.5,-5.5
5598,4,30.5,-5.0
5599,4,30.5,-4.5
5600,4,30.5,-4.0
5601,4,30.5,-3.5
5602,4,30.5,-3.0
5603,4,30.5,-2.5
5604,4,30.5,-2.0
5605,4,30.5,-1.5
5606,4,30.5,-1.0
5607,4,30.5,-0.5
5608,4,30.5,0.0
5609,4,30.5,0.5
5610,4,30.5,1.0
5611,4,30.5,1.5
5612,4,30.5,2.0
5613,4,30.5,2.5
5614,4,30.5,3.0
5615,4,30.5,3.5
5616,4,30.5,4.0
5617,4,30.5,4.5
5618,4,30.5,5.0
5619,4,30.5,5.5
5620,4,30.5,6.0
5621,4,30.5,6.5
5622,4,30.5,7.0
5623,4,30.5,7.5
5624,4,30.5,8.0
5625,4,30.5,8.5
5626,4,30.5,9.0
5627,4,30.5,9.5
5628,4,30.5,10.0
5629,4,30.5,10.5
5630,4,30.5,11.0
5631,4,30.5,11.5
5632,4,30.5,12.0
5633,4,30.5,12.5
5634,4,30.5,13.0
5635,4,30.5,13.5
5636,4,30.5,14.0
5637,4,30.5,14.5
5638,4,30.5,15.0
5639,4,30.5,15.5
5640,4,30.5,16.0
5641,4,30.5,16.5
5642,4,30.5,17.0
5643,4,30.5,17.5
5644,4,30.5,18.0
5645,4,30.5,18.5
5646,4,30.5,20.0
5647,4,30.5,20.5
5648,4,30.5,21.0
5649,4,30.5,21.5
5650,4,30.5,22.0
5651,4,30.5,22.5
5652,4,30.5,23.0
5653,4,30.5,23.5
5654,4,30.5,24.0
5655,4,30.5,24.5
5656,4,30.5,25.0
5657,4,30.5,25.5
5658,4,30.5,26.0
5659,4,30.5,26.5
5660,4,30.5,27.0
5661,4,30.5,27.5
5662,4,30.5,28.0
5663,4,30.5,28.5
5664,4,30.5,29.0
5665,4,30.5,29.5
5666,4,30.5,30.0
5667,4,30.5,30.5
5668,4,30.5,31.0
5669,4,30.5,31.5
5670,4,30.5,32.0
5671,4,30.5,32.5
5672,4,30.5,33.0
5673,4,30.5,33.5
5674,4,30.5,34.0
5675,4,30.5,34.5
5676,4,30.5,35.0
5677,4,30.5,35.5
5678,4,30.5,36.0
5679,4,30.5,36.5
5680,4,30.5,37.0
5681,4,30.5,37.5
5682,4,30.5,38.0
5683,4,30.5,38.5
5684,4,30.5,39.0
5685,4,30.5,39.5
5686,4,30.5,40.0
5687,4,30.5,40.5
5688,4,30.5,41.0
5689,4,30.5,41.5
5690,4,30.5,42.0
5691,4,30.5,42.5
5692,4,30.5,43.0
5693,4,30.5,43.5
5694,4,30.5,44.0
5695,4,30.0,-9.5
5696,4,30.0,-9.0
5697,4,30.0,-8.5
5698,4,30.0,-8.0
5699,4,30.0,-7.5
5700,4,30.0,-7.0
5701,4,30.0,-6.5
5702,4,30.0,-6.0
5703,4,30.0,-5.5
5704,4,30.0,-5.0
5705,4,30.0,-4.5
5706,4,30.0,-4.0
5707,4,30.0,-3.5
5708,4,30.0,-3.0
5709,4,30.0,-2.5
5710,4,30.0,-2.0
5711,4,30.0,-1.5
5712,4,30.0,-1.0
5713,4,30.0,-0.5
5714,4,30.0,0.0
5715,4,30.0,0.5
5716,4,30.0,1.0
5717,4,30.0,1.5
5718,4,30.0,2.0
5719,4,30.0,2.5
5720,4,30.0,3.0
5721,4,30.0,3.5
5722,4,30.0,4.0
5723,4,30.0,4.5
5724,4,30.0,5.0
5725,4,30.0,5.5
5726,4,30.0,6.0
5727,4,30.0,6.5
5728,4,30.0,7.0
5729,4,30.0,7.5
5730,4,30.0,8.0
5731,4,30.0,8.5
5732,4,30.0,9.0
5733,4,30.0,9.5
5734,4,30.0,10.0
5735,4,30.0,10.5
5736,4,30.0,11.0
5737,4,30.0,11.5
5738,4,30.0,12.0
5739,4,30.0,12.5
5740,4,30.0,13.0
5741,4,30.0,13.5
5742,4,30.0,14.0
5743,4,30.0,14.5
5744,4,30.0,15.0
5745,4,30.0,15.5
5746,4,30.0,16.0
5747,4,30.0,16.5
5748,4,30.0,17.0
5749,4,30.0,17.5
5750,4,30.0,18.0
5751,4,30.0,18.5
5752,4,30.0,19.0
5753,4,30.0,19.5
5754,4,30.0,20.0
5755,4,30.0,20.5
5756,4,30.0,21.0
5757,4,30.0,21.5
5758,4,30.0,22.0
5759,4,30.0,22.5
5760,4,30.0,23.0
5761,4,30.0,23.5
5762,4,30.0,24.0
5763,4,30.0,24.5
5764,4,30.0,25.0
5765,4,30.0,25.5
5766,4,30.0,26.0
5767,4,30.0,26.5
5768,4,30.0,27.0
5769,4,30.0,27.5
5770,4,30.0,28.0
5771,4,30.0,28.5
5772,4,30.0,29.0
5773,4,30.0,29.5
5774,4,30.0,30.0
5775,4,30.0,30.5
5776,4,30.0,31.0
5777,4,30.0,31.5
5778,4,30.0,32.0
5779,4,30.0,32.5
5780,4,30.0,33.0
5781,4,30.0,33.5
5782,4,30.0,34.0
5783,4,30.0,34.5
5784,4,30.0,35.0
5785,4,30.0,35.5
5786,4,30.0,36.0
5787,4,30.0,36.5
5788,4,30.0,37.0
5789,4,30.0,37.5
5790,4,30.0,38.0
5791,4,30.0,38.5
5792,4,30.0,39.0
5793,4,30.0,39.5
5794,4,30.0,40.0
5795,4,30.0,40.5
5796,4,30.0,41.0
5797,4,30.0,41.5
5798,4,30.0,42.0
5799,4,30.0,42.5
5800,4,30.0,43.0
5801,4,30.0,43.5
5802,4,30.0,44.0
